7_137358022_A_G	3
7_137359786_C_T	3
7_137408997_G_C	2
7_137352394_A_G	1
7_137386644_C_T	3
7_137397983_T_C	3
7_137379316_A_G	3
7_137366081_C_T	3
7_137339403_C_T	1
7_137364731_G_A	3
7_137332354_T_C	2
7_137392357_A_C	3
7_137388513_C_T	3
7_137358578_A_T	3
7_137332045_G_A	2
7_137377617_C_T	3
7_137340274_T_C	1
7_137347971_T_C	3
7_137356985_A_G	3
7_137326656_C_T	1
7_137404493_G_A	1
7_137336739_G_A	1
7_137335929_T_C	2
7_137366429_C_T	3
7_137345599_C_T	3
7_137334755_G_A	1
7_137389794_G_A	3
7_137390014_A_G	3
7_137390098_T_C	3
7_137376726_C_T	3
7_137398534_A_G	3
7_137363413_T_C	3
7_137366625_T_A	3
7_137357339_G_A	3
7_137333583_T_A	1
7_137385461_C_T	3
7_137357876_G_A	3
7_137325842_A_C	1
7_137400504_A_G	3
7_137395203_A_C	3
7_137360636_C_G	3
7_137356202_A_G	3
7_137394426_T_C	3
7_137387785_T_A	3
7_137368912_A_G	1
7_137356923_T_G	3
7_137388185_A_C	3
7_137366636_G_T	3
7_137393396_T_C	3
7_137386593_C_T	3
7_137368958_T_C	3
7_137386518_G_A	3
7_137382870_T_G	3
7_137356815_T_C	3
7_137332185_A_C	2
7_137358566_C_T	3
7_137360985_C_A	3
7_137357478_A_C	3
7_137367653_G_A	3
7_137361688_G_T	3
7_137327035_G_A	2
7_137353346_T_C	2
7_137369188_C_T	3
7_137405679_C_T	1
7_137390015_T_C	3
7_137360639_G_A	3
7_137362436_C_G	3
7_137364771_C_T	3
7_137387405_A_G	3
7_137360440_C_T	3
7_137391966_A_G	3
7_137331092_T_G	2
7_137390093_T_C	3
7_137387350_T_C	3
7_137384309_A_G	3
7_137367870_G_C	3
7_137336430_T_G	1
7_137352456_A_G	2
7_137362391_A_C	3
7_137397293_T_C	3
7_137345092_T_C	1
7_137330856_A_T	2
7_137331563_T_A	2
7_137393294_T_C	3
7_137357031_A_C	3
7_137392157_G_T	3
7_137386398_T_C	3
7_137333710_C_G	1
7_137367924_G_A	3
7_137358738_A_C	3
7_137334981_A_G	1
7_137328719_G_A	2
7_137347428_T_C	1
7_137359963_G_C	3
7_137358507_G_C	3
7_137361031_T_A	3
7_137341390_T_A	1
7_137391101_T_A	2
7_137363467_G_A	3
7_137384089_G_A	3
7_137331565_A_C	2
7_137381618_G_A	3
7_137341081_G_C	1
7_137338763_G_A	1
7_137393444_G_C	3
7_137385552_G_A	3
7_137359122_G_C	3
7_137335037_C_G	1
7_137331551_C_A	2
7_137405723_T_C	3
7_137396779_A_G	3
7_137374964_C_T	3
7_137368527_A_C	3
7_137341891_A_C	1
7_137394538_G_C	3
7_137364531_A_G	3
7_137386581_T_G	3
7_137352943_T_C	1
7_137336915_T_A	1
7_137378039_C_A	3
7_137332456_G_A	2
7_137387618_G_A	3
7_137353987_C_T	1
7_137336994_A_T	1
7_137395300_C_T	3
7_137375114_T_C	3
7_137355720_A_G	3
