ENSG00000157680	7_137333583_T_A	-0.347287	chr7_137383189
ENSG00000157680	7_137335929_T_C	0.258167	chr7_137383189
ENSG00000157680	7_137336430_T_G	-0.368445	chr7_137383189
ENSG00000157680	7_137345599_C_T	0.290221	chr7_137383189
ENSG00000157680	7_137347428_T_C	-0.265547	chr7_137383189
ENSG00000157680	7_137347971_T_C	0.290221	chr7_137383189
ENSG00000157680	7_137352456_A_G	-0.186077	chr7_137383189
ENSG00000157680	7_137353346_T_C	-0.186077	chr7_137383189
ENSG00000157680	7_137353987_C_T	0.339287	chr7_137383189
ENSG00000157680	7_137355720_A_G	-0.22383	chr7_137383189
ENSG00000157680	7_137356202_A_G	-0.215697	chr7_137383189
ENSG00000157680	7_137356815_T_C	-0.216464	chr7_137383189
ENSG00000157680	7_137356923_T_G	-0.216464	chr7_137383189
ENSG00000157680	7_137356985_A_G	-0.216464	chr7_137383189
ENSG00000157680	7_137357031_A_C	-0.212693	chr7_137383189
ENSG00000157680	7_137357339_G_A	-0.216464	chr7_137383189
ENSG00000157680	7_137357478_A_C	-0.363165	chr7_137383189
ENSG00000157680	7_137357876_G_A	-0.216464	chr7_137383189
ENSG00000157680	7_137358022_A_G	-0.216464	chr7_137383189
ENSG00000157680	7_137358507_G_C	-0.22383	chr7_137383189
ENSG00000157680	7_137358566_C_T	-0.216464	chr7_137383189
ENSG00000157680	7_137358578_A_T	-0.216464	chr7_137383189
ENSG00000157680	7_137358738_A_C	-0.212693	chr7_137383189
ENSG00000157680	7_137359122_G_C	-0.216464	chr7_137383189
ENSG00000157680	7_137359786_C_T	-0.216464	chr7_137383189
ENSG00000157680	7_137359963_G_C	-0.216464	chr7_137383189
ENSG00000157680	7_137360440_C_T	-0.216464	chr7_137383189
ENSG00000157680	7_137360636_C_G	-0.216464	chr7_137383189
ENSG00000157680	7_137360639_G_A	-0.216464	chr7_137383189
ENSG00000157680	7_137360985_C_A	-0.215754	chr7_137383189
ENSG00000157680	7_137361031_T_A	-0.216464	chr7_137383189
ENSG00000157680	7_137361688_G_T	-0.216464	chr7_137383189
ENSG00000157680	7_137362391_A_C	-0.366126	chr7_137383189
ENSG00000157680	7_137362436_C_G	0.366126	chr7_137383189
ENSG00000157680	7_137363413_T_C	-0.361026	chr7_137383189
ENSG00000157680	7_137363467_G_A	-0.20883	chr7_137383189
ENSG00000157680	7_137364531_A_G	-0.361026	chr7_137383189
ENSG00000157680	7_137364731_G_A	-0.361026	chr7_137383189
ENSG00000157680	7_137364771_C_T	-0.361026	chr7_137383189
ENSG00000157680	7_137366081_C_T	-0.361026	chr7_137383189
ENSG00000157680	7_137366429_C_T	-0.361026	chr7_137383189
ENSG00000157680	7_137366625_T_A	0.361026	chr7_137383189
ENSG00000157680	7_137366636_G_T	-0.361026	chr7_137383189
ENSG00000157680	7_137367653_G_A	-0.362511	chr7_137383189
ENSG00000157680	7_137367870_G_C	-0.362511	chr7_137383189
ENSG00000157680	7_137367924_G_A	-0.362511	chr7_137383189
ENSG00000157680	7_137368527_A_C	-0.363484	chr7_137383189
ENSG00000157680	7_137368958_T_C	-0.20228	chr7_137383189
ENSG00000157680	7_137369188_C_T	-0.203634	chr7_137383189
ENSG00000157680	7_137374964_C_T	0.365585	chr7_137383189
ENSG00000157680	7_137375114_T_C	0.365585	chr7_137383189
ENSG00000157680	7_137376726_C_T	-0.226224	chr7_137383189
ENSG00000157680	7_137377617_C_T	-0.225049	chr7_137383189
ENSG00000157680	7_137378039_C_A	0.365585	chr7_137383189
ENSG00000157680	7_137379316_A_G	0.365585	chr7_137383189
ENSG00000157680	7_137381618_G_A	0.354768	chr7_137383189
ENSG00000157680	7_137382870_T_G	0.353948	chr7_137383189
ENSG00000157680	7_137384089_G_A	0.332216	chr7_137383189
ENSG00000157680	7_137384309_A_G	-0.233181	chr7_137383189
ENSG00000157680	7_137385461_C_T	0.328031	chr7_137383189
ENSG00000157680	7_137385552_G_A	0.328031	chr7_137383189
ENSG00000157680	7_137386398_T_C	0.328031	chr7_137383189
ENSG00000157680	7_137386518_G_A	0.328031	chr7_137383189
ENSG00000157680	7_137386581_T_G	0.328031	chr7_137383189
ENSG00000157680	7_137386593_C_T	0.328031	chr7_137383189
ENSG00000157680	7_137386644_C_T	0.328031	chr7_137383189
ENSG00000157680	7_137387350_T_C	0.328031	chr7_137383189
ENSG00000157680	7_137387405_A_G	0.332107	chr7_137383189
ENSG00000157680	7_137387618_G_A	0.332107	chr7_137383189
ENSG00000157680	7_137387785_T_A	0.332107	chr7_137383189
ENSG00000157680	7_137388185_A_C	0.328031	chr7_137383189
ENSG00000157680	7_137388513_C_T	0.328031	chr7_137383189
ENSG00000157680	7_137389794_G_A	0.32732	chr7_137383189
ENSG00000157680	7_137390014_A_G	0.351315	chr7_137383189
ENSG00000157680	7_137390015_T_C	0.351315	chr7_137383189
ENSG00000157680	7_137390093_T_C	0.351315	chr7_137383189
ENSG00000157680	7_137390098_T_C	0.351315	chr7_137383189
ENSG00000157680	7_137391101_T_A	-0.216897	chr7_137383189
ENSG00000157680	7_137391966_A_G	0.346784	chr7_137383189
ENSG00000157680	7_137392157_G_T	0.324919	chr7_137383189
ENSG00000157680	7_137392357_A_C	0.324103	chr7_137383189
ENSG00000157680	7_137393294_T_C	0.328787	chr7_137383189
ENSG00000157680	7_137393396_T_C	0.328787	chr7_137383189
ENSG00000157680	7_137393444_G_C	0.328787	chr7_137383189
ENSG00000157680	7_137394426_T_C	0.32732	chr7_137383189
ENSG00000157680	7_137394538_G_C	0.32732	chr7_137383189
ENSG00000157680	7_137395203_A_C	0.32732	chr7_137383189
ENSG00000157680	7_137395300_C_T	-0.32732	chr7_137383189
ENSG00000157680	7_137396779_A_G	-0.229679	chr7_137383189
ENSG00000157680	7_137397293_T_C	0.32732	chr7_137383189
ENSG00000157680	7_137397983_T_C	0.32732	chr7_137383189
ENSG00000157680	7_137398534_A_G	0.347118	chr7_137383189
ENSG00000157680	7_137400504_A_G	-0.351809	chr7_137383189
ENSG00000157680	7_137405723_T_C	0.201661	chr7_137383189
ENSG00000157680	7_137404493_G_A	0.346132	chr7_137383190
ENSG00000157680	7_137405679_C_T	0.369399	chr7_137383190
ENSG00000157680	7_137327035_G_A	0.191989	chr7_137383191
ENSG00000157680	7_137328719_G_A	0.194477	chr7_137383191
ENSG00000157680	7_137330856_A_T	0.194241	chr7_137383191
ENSG00000157680	7_137331092_T_G	0.194241	chr7_137383191
ENSG00000157680	7_137331551_C_A	0.194241	chr7_137383191
ENSG00000157680	7_137331563_T_A	0.194241	chr7_137383191
ENSG00000157680	7_137331565_A_C	0.194241	chr7_137383191
ENSG00000157680	7_137332045_G_A	0.194241	chr7_137383191
ENSG00000157680	7_137332185_A_C	0.194241	chr7_137383191
ENSG00000157680	7_137332354_T_C	0.194241	chr7_137383191
ENSG00000157680	7_137332456_G_A	0.194241	chr7_137383191
ENSG00000157680	7_137333710_C_G	-0.207269	chr7_137383191
ENSG00000157680	7_137334755_G_A	0.196555	chr7_137383191
ENSG00000157680	7_137334981_A_G	0.200463	chr7_137383191
ENSG00000157680	7_137335037_C_G	0.21121	chr7_137383191
ENSG00000157680	7_137336739_G_A	0.200463	chr7_137383191
ENSG00000157680	7_137336915_T_A	0.200463	chr7_137383191
ENSG00000157680	7_137336994_A_T	0.200463	chr7_137383191
ENSG00000157680	7_137338763_G_A	0.200463	chr7_137383191
ENSG00000157680	7_137339403_C_T	0.200463	chr7_137383191
ENSG00000157680	7_137340274_T_C	0.200463	chr7_137383191
ENSG00000157680	7_137341081_G_C	0.207269	chr7_137383191
ENSG00000157680	7_137341390_T_A	0.207269	chr7_137383191
ENSG00000157680	7_137341891_A_C	0.197461	chr7_137383191
ENSG00000157680	7_137345092_T_C	-0.186574	chr7_137383191
ENSG00000157680	7_137345599_C_T	-0.199984	chr7_137383191
ENSG00000157680	7_137347971_T_C	-0.199984	chr7_137383191
ENSG00000157680	7_137352394_A_G	0.190542	chr7_137383191
ENSG00000157680	7_137352456_A_G	0.194248	chr7_137383191
ENSG00000157680	7_137352943_T_C	0.190542	chr7_137383191
ENSG00000157680	7_137353346_T_C	0.194248	chr7_137383191
ENSG00000157680	7_137355720_A_G	0.257576	chr7_137383191
ENSG00000157680	7_137356202_A_G	0.251151	chr7_137383191
ENSG00000157680	7_137356815_T_C	0.247068	chr7_137383191
ENSG00000157680	7_137356923_T_G	0.247068	chr7_137383191
ENSG00000157680	7_137356985_A_G	0.247068	chr7_137383191
ENSG00000157680	7_137357031_A_C	0.2499	chr7_137383191
ENSG00000157680	7_137357339_G_A	0.247068	chr7_137383191
ENSG00000157680	7_137357478_A_C	0.279302	chr7_137383191
ENSG00000157680	7_137357876_G_A	0.247068	chr7_137383191
ENSG00000157680	7_137358022_A_G	0.247068	chr7_137383191
ENSG00000157680	7_137358507_G_C	0.257576	chr7_137383191
ENSG00000157680	7_137358566_C_T	0.247068	chr7_137383191
ENSG00000157680	7_137358578_A_T	0.247068	chr7_137383191
ENSG00000157680	7_137358738_A_C	0.2499	chr7_137383191
ENSG00000157680	7_137359122_G_C	0.247068	chr7_137383191
ENSG00000157680	7_137359786_C_T	0.247068	chr7_137383191
ENSG00000157680	7_137359963_G_C	0.247068	chr7_137383191
ENSG00000157680	7_137360440_C_T	0.247068	chr7_137383191
ENSG00000157680	7_137360636_C_G	0.247068	chr7_137383191
ENSG00000157680	7_137360639_G_A	0.247068	chr7_137383191
ENSG00000157680	7_137360985_C_A	0.238553	chr7_137383191
ENSG00000157680	7_137361031_T_A	0.247068	chr7_137383191
ENSG00000157680	7_137361688_G_T	0.247068	chr7_137383191
ENSG00000157680	7_137362391_A_C	0.28134	chr7_137383191
ENSG00000157680	7_137362436_C_G	-0.28134	chr7_137383191
ENSG00000157680	7_137363413_T_C	0.279395	chr7_137383191
ENSG00000157680	7_137363467_G_A	0.242642	chr7_137383191
ENSG00000157680	7_137364531_A_G	0.279395	chr7_137383191
ENSG00000157680	7_137364731_G_A	0.279395	chr7_137383191
ENSG00000157680	7_137364771_C_T	0.279395	chr7_137383191
ENSG00000157680	7_137366081_C_T	0.279395	chr7_137383191
ENSG00000157680	7_137366429_C_T	0.279395	chr7_137383191
ENSG00000157680	7_137366625_T_A	-0.279395	chr7_137383191
ENSG00000157680	7_137366636_G_T	0.279395	chr7_137383191
ENSG00000157680	7_137367653_G_A	0.286163	chr7_137383191
ENSG00000157680	7_137367870_G_C	0.286163	chr7_137383191
ENSG00000157680	7_137367924_G_A	0.286163	chr7_137383191
ENSG00000157680	7_137368527_A_C	0.288622	chr7_137383191
ENSG00000157680	7_137368958_T_C	0.247977	chr7_137383191
ENSG00000157680	7_137369188_C_T	0.247329	chr7_137383191
ENSG00000157680	7_137374964_C_T	-0.276652	chr7_137383191
ENSG00000157680	7_137375114_T_C	-0.276652	chr7_137383191
ENSG00000157680	7_137376726_C_T	0.246905	chr7_137383191
ENSG00000157680	7_137377617_C_T	0.24197	chr7_137383191
ENSG00000157680	7_137378039_C_A	-0.276652	chr7_137383191
ENSG00000157680	7_137379316_A_G	-0.276652	chr7_137383191
ENSG00000157680	7_137381618_G_A	-0.304883	chr7_137383191
ENSG00000157680	7_137382870_T_G	-0.302426	chr7_137383191
ENSG00000157680	7_137384089_G_A	-0.288708	chr7_137383191
ENSG00000157680	7_137384309_A_G	0.264801	chr7_137383191
ENSG00000157680	7_137385461_C_T	-0.288554	chr7_137383191
ENSG00000157680	7_137385552_G_A	-0.288554	chr7_137383191
ENSG00000157680	7_137386398_T_C	-0.288554	chr7_137383191
ENSG00000157680	7_137386518_G_A	-0.288554	chr7_137383191
ENSG00000157680	7_137386581_T_G	-0.288554	chr7_137383191
ENSG00000157680	7_137386593_C_T	-0.288554	chr7_137383191
ENSG00000157680	7_137386644_C_T	-0.288554	chr7_137383191
ENSG00000157680	7_137387350_T_C	-0.288554	chr7_137383191
ENSG00000157680	7_137387405_A_G	-0.288588	chr7_137383191
ENSG00000157680	7_137387618_G_A	-0.288588	chr7_137383191
ENSG00000157680	7_137387785_T_A	-0.288588	chr7_137383191
ENSG00000157680	7_137388185_A_C	-0.288554	chr7_137383191
ENSG00000157680	7_137388513_C_T	-0.288554	chr7_137383191
ENSG00000157680	7_137389794_G_A	-0.286126	chr7_137383191
ENSG00000157680	7_137390014_A_G	-0.297814	chr7_137383191
ENSG00000157680	7_137390015_T_C	-0.297814	chr7_137383191
ENSG00000157680	7_137390093_T_C	-0.297814	chr7_137383191
ENSG00000157680	7_137390098_T_C	-0.297814	chr7_137383191
ENSG00000157680	7_137391101_T_A	0.256708	chr7_137383191
ENSG00000157680	7_137391966_A_G	-0.306096	chr7_137383191
ENSG00000157680	7_137392157_G_T	-0.290772	chr7_137383191
ENSG00000157680	7_137392357_A_C	-0.288134	chr7_137383191
ENSG00000157680	7_137393294_T_C	-0.281576	chr7_137383191
ENSG00000157680	7_137393396_T_C	-0.281576	chr7_137383191
ENSG00000157680	7_137393444_G_C	-0.281576	chr7_137383191
ENSG00000157680	7_137394426_T_C	-0.286126	chr7_137383191
ENSG00000157680	7_137394538_G_C	-0.286126	chr7_137383191
ENSG00000157680	7_137395203_A_C	-0.286126	chr7_137383191
ENSG00000157680	7_137395300_C_T	0.286126	chr7_137383191
ENSG00000157680	7_137396779_A_G	0.262463	chr7_137383191
ENSG00000157680	7_137397293_T_C	-0.286126	chr7_137383191
ENSG00000157680	7_137397983_T_C	-0.286126	chr7_137383191
ENSG00000157680	7_137398534_A_G	-0.300108	chr7_137383191
ENSG00000157680	7_137400504_A_G	0.302468	chr7_137383191
ENSG00000157680	7_137405723_T_C	-0.236775	chr7_137383191
ENSG00000157680	7_137408997_G_C	-0.287983	chr7_137383191
ENSG00000157680	7_137325842_A_C	0.193506	chr7_137383192
ENSG00000157680	7_137326656_C_T	0.192105	chr7_137383192
ENSG00000157680	7_137327035_G_A	0.200993	chr7_137383192
ENSG00000157680	7_137328719_G_A	0.195388	chr7_137383192
ENSG00000157680	7_137330856_A_T	0.193574	chr7_137383192
ENSG00000157680	7_137331092_T_G	0.193574	chr7_137383192
ENSG00000157680	7_137331551_C_A	0.193574	chr7_137383192
ENSG00000157680	7_137331563_T_A	0.193574	chr7_137383192
ENSG00000157680	7_137331565_A_C	0.193574	chr7_137383192
ENSG00000157680	7_137332045_G_A	0.193574	chr7_137383192
ENSG00000157680	7_137332185_A_C	0.193574	chr7_137383192
ENSG00000157680	7_137332354_T_C	0.193574	chr7_137383192
ENSG00000157680	7_137332456_G_A	0.193574	chr7_137383192
ENSG00000157680	7_137335929_T_C	-0.23624	chr7_137383192
ENSG00000157680	7_137345599_C_T	-0.20763	chr7_137383192
ENSG00000157680	7_137347971_T_C	-0.20763	chr7_137383192
ENSG00000157680	7_137355720_A_G	0.210443	chr7_137383192
ENSG00000157680	7_137356202_A_G	0.205339	chr7_137383192
ENSG00000157680	7_137356815_T_C	0.211784	chr7_137383192
ENSG00000157680	7_137356923_T_G	0.211784	chr7_137383192
ENSG00000157680	7_137356985_A_G	0.211784	chr7_137383192
ENSG00000157680	7_137357031_A_C	0.207459	chr7_137383192
ENSG00000157680	7_137357339_G_A	0.211784	chr7_137383192
ENSG00000157680	7_137357478_A_C	0.347898	chr7_137383192
ENSG00000157680	7_137357876_G_A	0.211784	chr7_137383192
ENSG00000157680	7_137358022_A_G	0.211784	chr7_137383192
ENSG00000157680	7_137358507_G_C	0.210443	chr7_137383192
ENSG00000157680	7_137358566_C_T	0.211784	chr7_137383192
ENSG00000157680	7_137358578_A_T	0.211784	chr7_137383192
ENSG00000157680	7_137358738_A_C	0.207459	chr7_137383192
ENSG00000157680	7_137359122_G_C	0.211784	chr7_137383192
ENSG00000157680	7_137359786_C_T	0.211784	chr7_137383192
ENSG00000157680	7_137359963_G_C	0.211784	chr7_137383192
ENSG00000157680	7_137360440_C_T	0.211784	chr7_137383192
ENSG00000157680	7_137360636_C_G	0.211784	chr7_137383192
ENSG00000157680	7_137360639_G_A	0.211784	chr7_137383192
ENSG00000157680	7_137360985_C_A	0.208314	chr7_137383192
ENSG00000157680	7_137361031_T_A	0.211784	chr7_137383192
ENSG00000157680	7_137361688_G_T	0.211784	chr7_137383192
ENSG00000157680	7_137362391_A_C	0.352272	chr7_137383192
ENSG00000157680	7_137362436_C_G	-0.352272	chr7_137383192
ENSG00000157680	7_137363413_T_C	0.339413	chr7_137383192
ENSG00000157680	7_137363467_G_A	0.197252	chr7_137383192
ENSG00000157680	7_137364531_A_G	0.339413	chr7_137383192
ENSG00000157680	7_137364731_G_A	0.339413	chr7_137383192
ENSG00000157680	7_137364771_C_T	0.339413	chr7_137383192
ENSG00000157680	7_137366081_C_T	0.339413	chr7_137383192
ENSG00000157680	7_137366429_C_T	0.339413	chr7_137383192
ENSG00000157680	7_137366625_T_A	-0.339413	chr7_137383192
ENSG00000157680	7_137366636_G_T	0.339413	chr7_137383192
ENSG00000157680	7_137367653_G_A	0.338514	chr7_137383192
ENSG00000157680	7_137367870_G_C	0.338514	chr7_137383192
ENSG00000157680	7_137367924_G_A	0.338514	chr7_137383192
ENSG00000157680	7_137368527_A_C	0.339977	chr7_137383192
ENSG00000157680	7_137368912_A_G	0.214134	chr7_137383192
ENSG00000157680	7_137368958_T_C	0.184454	chr7_137383192
ENSG00000157680	7_137369188_C_T	0.185237	chr7_137383192
ENSG00000157680	7_137374964_C_T	-0.351455	chr7_137383192
ENSG00000157680	7_137375114_T_C	-0.351455	chr7_137383192
ENSG00000157680	7_137376726_C_T	0.224438	chr7_137383192
ENSG00000157680	7_137377617_C_T	0.220933	chr7_137383192
ENSG00000157680	7_137378039_C_A	-0.351455	chr7_137383192
ENSG00000157680	7_137379316_A_G	-0.351455	chr7_137383192
ENSG00000157680	7_137381618_G_A	-0.385633	chr7_137383192
ENSG00000157680	7_137382870_T_G	-0.383908	chr7_137383192
ENSG00000157680	7_137384089_G_A	-0.354931	chr7_137383192
ENSG00000157680	7_137384309_A_G	0.206694	chr7_137383192
ENSG00000157680	7_137385461_C_T	-0.358755	chr7_137383192
ENSG00000157680	7_137385552_G_A	-0.358755	chr7_137383192
ENSG00000157680	7_137386398_T_C	-0.358755	chr7_137383192
ENSG00000157680	7_137386518_G_A	-0.358755	chr7_137383192
ENSG00000157680	7_137386581_T_G	-0.358755	chr7_137383192
ENSG00000157680	7_137386593_C_T	-0.358755	chr7_137383192
ENSG00000157680	7_137386644_C_T	-0.358755	chr7_137383192
ENSG00000157680	7_137387350_T_C	-0.358755	chr7_137383192
ENSG00000157680	7_137387405_A_G	-0.358445	chr7_137383192
ENSG00000157680	7_137387618_G_A	-0.358445	chr7_137383192
ENSG00000157680	7_137387785_T_A	-0.358445	chr7_137383192
ENSG00000157680	7_137388185_A_C	-0.358755	chr7_137383192
ENSG00000157680	7_137388513_C_T	-0.358755	chr7_137383192
ENSG00000157680	7_137389794_G_A	-0.357126	chr7_137383192
ENSG00000157680	7_137390014_A_G	-0.389914	chr7_137383192
ENSG00000157680	7_137390015_T_C	-0.389914	chr7_137383192
ENSG00000157680	7_137390093_T_C	-0.389914	chr7_137383192
ENSG00000157680	7_137390098_T_C	-0.389914	chr7_137383192
ENSG00000157680	7_137391966_A_G	-0.375227	chr7_137383192
ENSG00000157680	7_137392157_G_T	-0.345037	chr7_137383192
ENSG00000157680	7_137392357_A_C	-0.34335	chr7_137383192
ENSG00000157680	7_137393294_T_C	-0.359401	chr7_137383192
ENSG00000157680	7_137393396_T_C	-0.359401	chr7_137383192
ENSG00000157680	7_137393444_G_C	-0.359401	chr7_137383192
ENSG00000157680	7_137394426_T_C	-0.357126	chr7_137383192
ENSG00000157680	7_137394538_G_C	-0.357126	chr7_137383192
ENSG00000157680	7_137395203_A_C	-0.357126	chr7_137383192
ENSG00000157680	7_137395300_C_T	0.357126	chr7_137383192
ENSG00000157680	7_137396779_A_G	0.189671	chr7_137383192
ENSG00000157680	7_137397293_T_C	-0.357126	chr7_137383192
ENSG00000157680	7_137397983_T_C	-0.357126	chr7_137383192
ENSG00000157680	7_137398534_A_G	-0.380936	chr7_137383192
ENSG00000157680	7_137400504_A_G	0.382245	chr7_137383192
ENSG00000157680	7_137405723_T_C	-0.307093	chr7_137383192
ENSG00000157680	7_137408997_G_C	-0.329325	chr7_137383192
