ENSG00000157680	7_137333583_T_A	-0.347287	chr7_137383189	0.00134861	0.0143936691541529	"intronic"	"PTN"	NA	NA	NA
ENSG00000157680	7_137335929_T_C	0.258167	chr7_137383189	0.000164699	0.00248021241851652	"intronic"	"PTN"	NA	NA	NA
ENSG00000157680	7_137336430_T_G	-0.368445	chr7_137383189	0.000537798	0.0068625252773081	"intronic"	"PTN"	NA	NA	NA
ENSG00000157680	7_137345599_C_T	0.290221	chr7_137383189	1.20315e-05	0.000230848704590996	"intergenic"	"PTN;DGKI"	"dist=1866;dist=35438"	NA	NA
ENSG00000157680	7_137347428_T_C	-0.265547	chr7_137383189	0.00472699	0.0399642127548269	"intergenic"	"PTN;DGKI"	"dist=3695;dist=33609"	NA	NA
ENSG00000157680	7_137347971_T_C	0.290221	chr7_137383189	1.20315e-05	0.000230848704590996	"intergenic"	"PTN;DGKI"	"dist=4238;dist=33066"	NA	NA
ENSG00000157680	7_137352456_A_G	-0.186077	chr7_137383189	0.00577479	0.0467870085445139	"intergenic"	"PTN;DGKI"	"dist=8723;dist=28581"	NA	NA
ENSG00000157680	7_137353346_T_C	-0.186077	chr7_137383189	0.00577479	0.0467870085445139	"intergenic"	"PTN;DGKI"	"dist=9613;dist=27691"	NA	NA
ENSG00000157680	7_137353987_C_T	0.339287	chr7_137383189	0.00156113	0.0163737843534355	"intergenic"	"PTN;DGKI"	"dist=10254;dist=27050"	NA	NA
ENSG00000157680	7_137355720_A_G	-0.22383	chr7_137383189	0.000819527	0.00970408263907459	"intergenic"	"PTN;DGKI"	"dist=11987;dist=25317"	NA	NA
ENSG00000157680	7_137356202_A_G	-0.215697	chr7_137383189	0.00134107	0.0143493421857191	"intergenic"	"PTN;DGKI"	"dist=12469;dist=24835"	NA	NA
ENSG00000157680	7_137356815_T_C	-0.216464	chr7_137383189	0.0012883	0.0139253785426438	"intergenic"	"PTN;DGKI"	"dist=13082;dist=24222"	NA	NA
ENSG00000157680	7_137356923_T_G	-0.216464	chr7_137383189	0.0012883	0.0139253785426438	"intergenic"	"PTN;DGKI"	"dist=13190;dist=24114"	NA	NA
ENSG00000157680	7_137356985_A_G	-0.216464	chr7_137383189	0.0012883	0.0139253785426438	"intergenic"	"PTN;DGKI"	"dist=13252;dist=24052"	NA	NA
ENSG00000157680	7_137357031_A_C	-0.212693	chr7_137383189	0.00158866	0.0166443260815332	"intergenic"	"PTN;DGKI"	"dist=13298;dist=24006"	NA	NA
ENSG00000157680	7_137357339_G_A	-0.216464	chr7_137383189	0.0012883	0.0139253785426438	"intergenic"	"PTN;DGKI"	"dist=13606;dist=23698"	NA	NA
ENSG00000157680	7_137357478_A_C	-0.363165	chr7_137383189	1.98853e-07	5.58121109222923e-06	"intergenic"	"PTN;DGKI"	"dist=13745;dist=23559"	NA	NA
ENSG00000157680	7_137357876_G_A	-0.216464	chr7_137383189	0.0012883	0.0139253785426438	"intergenic"	"PTN;DGKI"	"dist=14143;dist=23161"	NA	NA
ENSG00000157680	7_137358022_A_G	-0.216464	chr7_137383189	0.0012883	0.0139253785426438	"intergenic"	"PTN;DGKI"	"dist=14289;dist=23015"	NA	NA
ENSG00000157680	7_137358507_G_C	-0.22383	chr7_137383189	0.000819527	0.00970408263907459	"intergenic"	"PTN;DGKI"	"dist=14774;dist=22530"	NA	NA
ENSG00000157680	7_137358566_C_T	-0.216464	chr7_137383189	0.0012883	0.0139253785426438	"intergenic"	"PTN;DGKI"	"dist=14833;dist=22471"	NA	NA
ENSG00000157680	7_137358578_A_T	-0.216464	chr7_137383189	0.0012883	0.0139253785426438	"intergenic"	"PTN;DGKI"	"dist=14845;dist=22459"	NA	NA
ENSG00000157680	7_137358738_A_C	-0.212693	chr7_137383189	0.00158866	0.0166443260815332	"intergenic"	"PTN;DGKI"	"dist=15005;dist=22299"	NA	NA
ENSG00000157680	7_137359122_G_C	-0.216464	chr7_137383189	0.0012883	0.0139253785426438	"intergenic"	"PTN;DGKI"	"dist=15389;dist=21915"	NA	NA
ENSG00000157680	7_137359786_C_T	-0.216464	chr7_137383189	0.0012883	0.0139253785426438	"intergenic"	"PTN;DGKI"	"dist=16053;dist=21251"	NA	NA
ENSG00000157680	7_137359963_G_C	-0.216464	chr7_137383189	0.0012883	0.0139253785426438	"intergenic"	"PTN;DGKI"	"dist=16230;dist=21074"	NA	NA
ENSG00000157680	7_137360440_C_T	-0.216464	chr7_137383189	0.0012883	0.0139253785426438	"intergenic"	"PTN;DGKI"	"dist=16707;dist=20597"	NA	NA
ENSG00000157680	7_137360636_C_G	-0.216464	chr7_137383189	0.0012883	0.0139253785426438	"intergenic"	"PTN;DGKI"	"dist=16903;dist=20401"	NA	NA
ENSG00000157680	7_137360639_G_A	-0.216464	chr7_137383189	0.0012883	0.0139253785426438	"intergenic"	"PTN;DGKI"	"dist=16906;dist=20398"	NA	NA
ENSG00000157680	7_137360985_C_A	-0.215754	chr7_137383189	0.00131906	0.0141642415636178	"intergenic"	"PTN;DGKI"	"dist=17252;dist=20052"	NA	NA
ENSG00000157680	7_137361031_T_A	-0.216464	chr7_137383189	0.0012883	0.0139253785426438	"intergenic"	"PTN;DGKI"	"dist=17298;dist=20006"	NA	NA
ENSG00000157680	7_137361688_G_T	-0.216464	chr7_137383189	0.0012883	0.0139253785426438	"intergenic"	"PTN;DGKI"	"dist=17955;dist=19349"	NA	NA
ENSG00000157680	7_137362391_A_C	-0.366126	chr7_137383189	1.54524e-07	4.4679776304471e-06	"intergenic"	"PTN;DGKI"	"dist=18658;dist=18646"	NA	NA
ENSG00000157680	7_137362436_C_G	0.366126	chr7_137383189	1.54524e-07	4.4679776304471e-06	"intergenic"	"PTN;DGKI"	"dist=18703;dist=18601"	NA	NA
ENSG00000157680	7_137363413_T_C	-0.361026	chr7_137383189	2.53986e-07	6.99591623778559e-06	"intergenic"	"PTN;DGKI"	"dist=19680;dist=17624"	NA	NA
ENSG00000157680	7_137363467_G_A	-0.20883	chr7_137383189	0.00186793	0.0188824949375652	"intergenic"	"PTN;DGKI"	"dist=19734;dist=17570"	NA	NA
ENSG00000157680	7_137364531_A_G	-0.361026	chr7_137383189	2.53986e-07	6.99591623778559e-06	"intergenic"	"PTN;DGKI"	"dist=20798;dist=16506"	NA	NA
ENSG00000157680	7_137364731_G_A	-0.361026	chr7_137383189	2.53986e-07	6.99591623778559e-06	"intergenic"	"PTN;DGKI"	"dist=20998;dist=16306"	NA	NA
ENSG00000157680	7_137364771_C_T	-0.361026	chr7_137383189	2.53986e-07	6.99591623778559e-06	"intergenic"	"PTN;DGKI"	"dist=21038;dist=16266"	NA	NA
ENSG00000157680	7_137366081_C_T	-0.361026	chr7_137383189	2.53986e-07	6.99591623778559e-06	"intergenic"	"PTN;DGKI"	"dist=22348;dist=14956"	NA	NA
ENSG00000157680	7_137366429_C_T	-0.361026	chr7_137383189	2.53986e-07	6.99591623778559e-06	"intergenic"	"PTN;DGKI"	"dist=22696;dist=14608"	NA	NA
ENSG00000157680	7_137366625_T_A	0.361026	chr7_137383189	2.53986e-07	6.99591623778559e-06	"intergenic"	"PTN;DGKI"	"dist=22892;dist=14412"	NA	NA
ENSG00000157680	7_137366636_G_T	-0.361026	chr7_137383189	2.53986e-07	6.99591623778559e-06	"intergenic"	"PTN;DGKI"	"dist=22903;dist=14401"	NA	NA
ENSG00000157680	7_137367653_G_A	-0.362511	chr7_137383189	2.54374e-07	7.00453360440804e-06	"intergenic"	"PTN;DGKI"	"dist=23920;dist=13384"	NA	NA
ENSG00000157680	7_137367870_G_C	-0.362511	chr7_137383189	2.54374e-07	7.00453360440804e-06	"intergenic"	"PTN;DGKI"	"dist=24137;dist=13167"	NA	NA
ENSG00000157680	7_137367924_G_A	-0.362511	chr7_137383189	2.54374e-07	7.00453360440804e-06	"intergenic"	"PTN;DGKI"	"dist=24191;dist=13113"	NA	NA
ENSG00000157680	7_137368527_A_C	-0.363484	chr7_137383189	2.65573e-07	7.29065721263017e-06	"intergenic"	"PTN;DGKI"	"dist=24794;dist=12510"	NA	NA
ENSG00000157680	7_137368958_T_C	-0.20228	chr7_137383189	0.00262844	0.0250731798485913	"intergenic"	"PTN;DGKI"	"dist=25225;dist=12079"	NA	NA
ENSG00000157680	7_137369188_C_T	-0.203634	chr7_137383189	0.00242731	0.0234421967580236	"intergenic"	"PTN;DGKI"	"dist=25455;dist=11849"	NA	NA
ENSG00000157680	7_137374964_C_T	0.365585	chr7_137383189	1.03143e-07	3.12109667109775e-06	"intergenic"	"PTN;DGKI"	"dist=31231;dist=6073"	NA	NA
ENSG00000157680	7_137375114_T_C	0.365585	chr7_137383189	1.03143e-07	3.12109667109775e-06	"intergenic"	"PTN;DGKI"	"dist=31381;dist=5923"	NA	NA
ENSG00000157680	7_137376726_C_T	-0.226224	chr7_137383189	0.000652372	0.00800420795218793	"intergenic"	"PTN;DGKI"	"dist=32993;dist=4311"	NA	NA
ENSG00000157680	7_137377617_C_T	-0.225049	chr7_137383189	0.000757583	0.00908714924193411	"intergenic"	"PTN;DGKI"	"dist=33884;dist=3420"	NA	NA
ENSG00000157680	7_137378039_C_A	0.365585	chr7_137383189	1.03143e-07	3.12109667109775e-06	"intergenic"	"PTN;DGKI"	"dist=34306;dist=2998"	NA	NA
ENSG00000157680	7_137379316_A_G	0.365585	chr7_137383189	1.03143e-07	3.12109667109775e-06	"intergenic"	"PTN;DGKI"	"dist=35583;dist=1721"	NA	NA
ENSG00000157680	7_137381618_G_A	0.354768	chr7_137383189	3.02432e-07	8.26116829918382e-06	"UTR3"	"DGKI"	"NM_001321710:c.*9602C>T;NM_001321708:c.*9602C>T"	NA	NA
ENSG00000157680	7_137382870_T_G	0.353948	chr7_137383189	2.88651e-07	7.89552725878719e-06	"UTR3"	"DGKI"	"NM_001321710:c.*8350A>C;NM_001321708:c.*8350A>C"	NA	NA
ENSG00000157680	7_137384089_G_A	0.332216	chr7_137383189	2.00505e-06	4.45900729368408e-05	"UTR3"	"DGKI"	"NM_001321710:c.*7131C>T;NM_001321708:c.*7131C>T"	NA	NA
ENSG00000157680	7_137384309_A_G	-0.233181	chr7_137383189	0.000468608	0.00607218073801439	"UTR3"	"DGKI"	"NM_001321710:c.*6911T>C;NM_001321708:c.*6911T>C"	NA	NA
ENSG00000157680	7_137385461_C_T	0.328031	chr7_137383189	2.45557e-06	5.39356891768593e-05	"UTR3"	"DGKI"	"NM_001321710:c.*5759G>A;NM_001321708:c.*5759G>A"	NA	NA
ENSG00000157680	7_137385552_G_A	0.328031	chr7_137383189	2.45557e-06	5.39356891768593e-05	"UTR3"	"DGKI"	"NM_001321710:c.*5668C>T;NM_001321708:c.*5668C>T"	NA	NA
ENSG00000157680	7_137386398_T_C	0.328031	chr7_137383189	2.45557e-06	5.39356891768593e-05	"UTR3"	"DGKI"	"NM_001321710:c.*4822A>G;NM_001321708:c.*4822A>G"	NA	NA
ENSG00000157680	7_137386518_G_A	0.328031	chr7_137383189	2.45557e-06	5.39356891768593e-05	"UTR3"	"DGKI"	"NM_001321710:c.*4702C>T;NM_001321708:c.*4702C>T"	NA	NA
ENSG00000157680	7_137386581_T_G	0.328031	chr7_137383189	2.45557e-06	5.39356891768593e-05	"UTR3"	"DGKI"	"NM_001321710:c.*4639A>C;NM_001321708:c.*4639A>C"	NA	NA
ENSG00000157680	7_137386593_C_T	0.328031	chr7_137383189	2.45557e-06	5.39356891768593e-05	"UTR3"	"DGKI"	"NM_001321710:c.*4627G>A;NM_001321708:c.*4627G>A"	NA	NA
ENSG00000157680	7_137386644_C_T	0.328031	chr7_137383189	2.45557e-06	5.39356891768593e-05	"UTR3"	"DGKI"	"NM_001321710:c.*4576G>A;NM_001321708:c.*4576G>A"	NA	NA
ENSG00000157680	7_137387350_T_C	0.328031	chr7_137383189	2.45557e-06	5.39356891768593e-05	"UTR3"	"DGKI"	"NM_001321710:c.*3870A>G;NM_001321708:c.*3870A>G"	NA	NA
ENSG00000157680	7_137387405_A_G	0.332107	chr7_137383189	1.9839e-06	4.41407834390759e-05	"UTR3"	"DGKI"	"NM_001321710:c.*3815T>C;NM_001321708:c.*3815T>C"	NA	NA
ENSG00000157680	7_137387618_G_A	0.332107	chr7_137383189	1.9839e-06	4.41407834390759e-05	"UTR3"	"DGKI"	"NM_001321710:c.*3602C>T;NM_001321708:c.*3602C>T"	NA	NA
ENSG00000157680	7_137387785_T_A	0.332107	chr7_137383189	1.9839e-06	4.41407834390759e-05	"UTR3"	"DGKI"	"NM_001321710:c.*3435A>T;NM_001321708:c.*3435A>T;NM_004717:c.*3435A>T;NM_001321709:c.*3435A>T"	NA	NA
ENSG00000157680	7_137388185_A_C	0.328031	chr7_137383189	2.45557e-06	5.39356891768593e-05	"UTR3"	"DGKI"	"NM_001321710:c.*3035T>G;NM_001321708:c.*3035T>G;NM_004717:c.*3035T>G;NM_001321709:c.*3035T>G"	NA	NA
ENSG00000157680	7_137388513_C_T	0.328031	chr7_137383189	2.45557e-06	5.39356891768593e-05	"UTR3"	"DGKI"	"NM_001321710:c.*2707G>A;NM_001321708:c.*2707G>A;NM_004717:c.*2707G>A;NM_001321709:c.*2707G>A"	NA	NA
ENSG00000157680	7_137389794_G_A	0.32732	chr7_137383189	2.3426e-06	5.16816776075446e-05	"UTR3"	"DGKI"	"NM_001321710:c.*1426C>T;NM_001321708:c.*1426C>T;NM_004717:c.*1426C>T;NM_001321709:c.*1426C>T"	NA	NA
ENSG00000157680	7_137390014_A_G	0.351315	chr7_137383189	3.55409e-07	9.4597020205458e-06	"UTR3"	"DGKI"	"NM_001321710:c.*1206T>C;NM_001321708:c.*1206T>C;NM_004717:c.*1206T>C;NM_001321709:c.*1206T>C"	NA	NA
ENSG00000157680	7_137390015_T_C	0.351315	chr7_137383189	3.55409e-07	9.4597020205458e-06	"UTR3"	"DGKI"	"NM_001321710:c.*1205A>G;NM_001321708:c.*1205A>G;NM_004717:c.*1205A>G;NM_001321709:c.*1205A>G"	NA	NA
ENSG00000157680	7_137390093_T_C	0.351315	chr7_137383189	3.55409e-07	9.4597020205458e-06	"UTR3"	"DGKI"	"NM_001321710:c.*1127A>G;NM_001321708:c.*1127A>G;NM_004717:c.*1127A>G;NM_001321709:c.*1127A>G"	NA	NA
ENSG00000157680	7_137390098_T_C	0.351315	chr7_137383189	3.55409e-07	9.4597020205458e-06	"UTR3"	"DGKI"	"NM_001321710:c.*1122A>G;NM_001321708:c.*1122A>G;NM_004717:c.*1122A>G;NM_001321709:c.*1122A>G"	NA	NA
ENSG00000157680	7_137391101_T_A	-0.216897	chr7_137383189	0.00106448	0.012026276581609	"UTR3"	"DGKI"	"NM_001321710:c.*119A>T;NM_001321708:c.*119A>T;NM_004717:c.*119A>T;NM_001321709:c.*119A>T"	NA	NA
ENSG00000157680	7_137391966_A_G	0.346784	chr7_137383189	8.08055e-07	1.96673172829724e-05	"intronic"	"DGKI"	NA	NA	NA
ENSG00000157680	7_137392157_G_T	0.324919	chr7_137383189	4.87897e-06	0.000101292951625078	"intronic"	"DGKI"	NA	NA	NA
ENSG00000157680	7_137392357_A_C	0.324103	chr7_137383189	4.66896e-06	9.72007514526598e-05	"intronic"	"DGKI"	NA	NA	NA
ENSG00000157680	7_137393294_T_C	0.328787	chr7_137383189	2.32497e-06	5.13616176709665e-05	"intronic"	"DGKI"	NA	NA	NA
ENSG00000157680	7_137393396_T_C	0.328787	chr7_137383189	2.32497e-06	5.13616176709665e-05	"intronic"	"DGKI"	NA	NA	NA
ENSG00000157680	7_137393444_G_C	0.328787	chr7_137383189	2.32497e-06	5.13616176709665e-05	"intronic"	"DGKI"	NA	NA	NA
ENSG00000157680	7_137394426_T_C	0.32732	chr7_137383189	2.3426e-06	5.16816776075446e-05	"intronic"	"DGKI"	NA	NA	NA
ENSG00000157680	7_137394538_G_C	0.32732	chr7_137383189	2.3426e-06	5.16816776075446e-05	"intronic"	"DGKI"	NA	NA	NA
ENSG00000157680	7_137395203_A_C	0.32732	chr7_137383189	2.3426e-06	5.16816776075446e-05	"intronic"	"DGKI"	NA	NA	NA
ENSG00000157680	7_137395300_C_T	-0.32732	chr7_137383189	2.3426e-06	5.16816776075446e-05	"intronic"	"DGKI"	NA	NA	NA
ENSG00000157680	7_137396779_A_G	-0.229679	chr7_137383189	0.000530915	0.00678274277269446	"intronic"	"DGKI"	NA	NA	NA
ENSG00000157680	7_137397293_T_C	0.32732	chr7_137383189	2.3426e-06	5.16816776075446e-05	"intronic"	"DGKI"	NA	NA	NA
ENSG00000157680	7_137397983_T_C	0.32732	chr7_137383189	2.3426e-06	5.16816776075446e-05	"intronic"	"DGKI"	NA	NA	NA
ENSG00000157680	7_137398534_A_G	0.347118	chr7_137383189	4.32515e-07	1.12266697031283e-05	"intronic"	"DGKI"	NA	NA	NA
ENSG00000157680	7_137400504_A_G	-0.351809	chr7_137383189	3.62805e-07	9.63912452423941e-06	"intronic"	"DGKI"	NA	NA	NA
ENSG00000157680	7_137405723_T_C	0.201661	chr7_137383189	0.00412565	0.0358069027370272	"intronic"	"DGKI"	NA	NA	NA
ENSG00000157680	7_137404493_G_A	0.346132	chr7_137383190	0.00141841	0.0150604657422406	"intronic"	"DGKI"	NA	NA	NA
ENSG00000157680	7_137405679_C_T	0.369399	chr7_137383190	0.000624805	0.00770315664456576	"intronic"	"DGKI"	NA	NA	NA
ENSG00000157680	7_137327035_G_A	0.191989	chr7_137383191	0.00602886	0.0483622732202204	"intronic"	"PTN"	NA	NA	NA
ENSG00000157680	7_137328719_G_A	0.194477	chr7_137383191	0.00530436	0.0436641182947631	"intronic"	"PTN"	NA	NA	NA
ENSG00000157680	7_137330856_A_T	0.194241	chr7_137383191	0.00523125	0.04315440383904	"intronic"	"PTN"	NA	NA	NA
ENSG00000157680	7_137331092_T_G	0.194241	chr7_137383191	0.00523125	0.04315440383904	"intronic"	"PTN"	NA	NA	NA
ENSG00000157680	7_137331551_C_A	0.194241	chr7_137383191	0.00523125	0.04315440383904	"intronic"	"PTN"	NA	NA	NA
ENSG00000157680	7_137331563_T_A	0.194241	chr7_137383191	0.00523125	0.04315440383904	"intronic"	"PTN"	NA	NA	NA
ENSG00000157680	7_137331565_A_C	0.194241	chr7_137383191	0.00523125	0.04315440383904	"intronic"	"PTN"	NA	NA	NA
ENSG00000157680	7_137332045_G_A	0.194241	chr7_137383191	0.00523125	0.04315440383904	"intronic"	"PTN"	NA	NA	NA
ENSG00000157680	7_137332185_A_C	0.194241	chr7_137383191	0.00523125	0.04315440383904	"intronic"	"PTN"	NA	NA	NA
ENSG00000157680	7_137332354_T_C	0.194241	chr7_137383191	0.00523125	0.04315440383904	"intronic"	"PTN"	NA	NA	NA
ENSG00000157680	7_137332456_G_A	0.194241	chr7_137383191	0.00523125	0.04315440383904	"intronic"	"PTN"	NA	NA	NA
ENSG00000157680	7_137333710_C_G	-0.207269	chr7_137383191	0.00218704	0.0214652259854426	"intronic"	"PTN"	NA	NA	NA
ENSG00000157680	7_137334755_G_A	0.196555	chr7_137383191	0.00397635	0.0347537036223971	"intronic"	"PTN"	NA	NA	NA
ENSG00000157680	7_137334981_A_G	0.200463	chr7_137383191	0.00336048	0.0307643410465403	"intronic"	"PTN"	NA	NA	NA
ENSG00000157680	7_137335037_C_G	0.21121	chr7_137383191	0.00189505	0.0191002050200659	"intronic"	"PTN"	NA	NA	NA
ENSG00000157680	7_137336739_G_A	0.200463	chr7_137383191	0.00336048	0.0307643410465403	"intronic"	"PTN"	NA	NA	NA
ENSG00000157680	7_137336915_T_A	0.200463	chr7_137383191	0.00336048	0.0307643410465403	"intronic"	"PTN"	NA	NA	NA
ENSG00000157680	7_137336994_A_T	0.200463	chr7_137383191	0.00336048	0.0307643410465403	"intronic"	"PTN"	NA	NA	NA
ENSG00000157680	7_137338763_G_A	0.200463	chr7_137383191	0.00336048	0.0307643410465403	"intronic"	"PTN"	NA	NA	NA
ENSG00000157680	7_137339403_C_T	0.200463	chr7_137383191	0.00336048	0.0307643410465403	"intronic"	"PTN"	NA	NA	NA
ENSG00000157680	7_137340274_T_C	0.200463	chr7_137383191	0.00336048	0.0307643410465403	"intronic"	"PTN"	NA	NA	NA
ENSG00000157680	7_137341081_G_C	0.207269	chr7_137383191	0.00218704	0.0214652259854426	"intronic"	"PTN"	NA	NA	NA
ENSG00000157680	7_137341390_T_A	0.207269	chr7_137383191	0.00218704	0.0214652259854426	"intronic"	"PTN"	NA	NA	NA
ENSG00000157680	7_137341891_A_C	0.197461	chr7_137383191	0.00343831	0.031355722985836	"intronic"	"PTN"	NA	NA	NA
ENSG00000157680	7_137345092_T_C	-0.186574	chr7_137383191	0.00578299	0.0468428083994184	"intergenic"	"PTN;DGKI"	"dist=1359;dist=35945"	NA	NA
ENSG00000157680	7_137345599_C_T	-0.199984	chr7_137383191	0.00270713	0.0257403996738277	"intergenic"	"PTN;DGKI"	"dist=1866;dist=35438"	NA	NA
ENSG00000157680	7_137347971_T_C	-0.199984	chr7_137383191	0.00270713	0.0257403996738277	"intergenic"	"PTN;DGKI"	"dist=4238;dist=33066"	NA	NA
ENSG00000157680	7_137352394_A_G	0.190542	chr7_137383191	0.00446077	0.0380697612737019	"intergenic"	"PTN;DGKI"	"dist=8661;dist=28643"	NA	NA
ENSG00000157680	7_137352456_A_G	0.194248	chr7_137383191	0.00394391	0.0345091160513952	"intergenic"	"PTN;DGKI"	"dist=8723;dist=28581"	NA	NA
ENSG00000157680	7_137352943_T_C	0.190542	chr7_137383191	0.00446077	0.0380697612737019	"intergenic"	"PTN;DGKI"	"dist=9210;dist=28094"	NA	NA
ENSG00000157680	7_137353346_T_C	0.194248	chr7_137383191	0.00394391	0.0345091160513952	"intergenic"	"PTN;DGKI"	"dist=9613;dist=27691"	NA	NA
ENSG00000157680	7_137355720_A_G	0.257576	chr7_137383191	0.000114096	0.00178658643464885	"intergenic"	"PTN;DGKI"	"dist=11987;dist=25317"	NA	NA
ENSG00000157680	7_137356202_A_G	0.251151	chr7_137383191	0.000182654	0.00271868057190976	"intergenic"	"PTN;DGKI"	"dist=12469;dist=24835"	NA	NA
ENSG00000157680	7_137356815_T_C	0.247068	chr7_137383191	0.000233135	0.0033729273946756	"intergenic"	"PTN;DGKI"	"dist=13082;dist=24222"	NA	NA
ENSG00000157680	7_137356923_T_G	0.247068	chr7_137383191	0.000233135	0.0033729273946756	"intergenic"	"PTN;DGKI"	"dist=13190;dist=24114"	NA	NA
ENSG00000157680	7_137356985_A_G	0.247068	chr7_137383191	0.000233135	0.0033729273946756	"intergenic"	"PTN;DGKI"	"dist=13252;dist=24052"	NA	NA
ENSG00000157680	7_137357031_A_C	0.2499	chr7_137383191	0.000200543	0.00295724219353928	"intergenic"	"PTN;DGKI"	"dist=13298;dist=24006"	NA	NA
ENSG00000157680	7_137357339_G_A	0.247068	chr7_137383191	0.000233135	0.0033729273946756	"intergenic"	"PTN;DGKI"	"dist=13606;dist=23698"	NA	NA
ENSG00000157680	7_137357478_A_C	0.279302	chr7_137383191	7.04478e-05	0.00117279510484397	"intergenic"	"PTN;DGKI"	"dist=13745;dist=23559"	NA	NA
ENSG00000157680	7_137357876_G_A	0.247068	chr7_137383191	0.000233135	0.0033729273946756	"intergenic"	"PTN;DGKI"	"dist=14143;dist=23161"	NA	NA
ENSG00000157680	7_137358022_A_G	0.247068	chr7_137383191	0.000233135	0.0033729273946756	"intergenic"	"PTN;DGKI"	"dist=14289;dist=23015"	NA	NA
ENSG00000157680	7_137358507_G_C	0.257576	chr7_137383191	0.000114096	0.00178658643464885	"intergenic"	"PTN;DGKI"	"dist=14774;dist=22530"	NA	NA
ENSG00000157680	7_137358566_C_T	0.247068	chr7_137383191	0.000233135	0.0033729273946756	"intergenic"	"PTN;DGKI"	"dist=14833;dist=22471"	NA	NA
ENSG00000157680	7_137358578_A_T	0.247068	chr7_137383191	0.000233135	0.0033729273946756	"intergenic"	"PTN;DGKI"	"dist=14845;dist=22459"	NA	NA
ENSG00000157680	7_137358738_A_C	0.2499	chr7_137383191	0.000200543	0.00295724219353928	"intergenic"	"PTN;DGKI"	"dist=15005;dist=22299"	NA	NA
ENSG00000157680	7_137359122_G_C	0.247068	chr7_137383191	0.000233135	0.0033729273946756	"intergenic"	"PTN;DGKI"	"dist=15389;dist=21915"	NA	NA
ENSG00000157680	7_137359786_C_T	0.247068	chr7_137383191	0.000233135	0.0033729273946756	"intergenic"	"PTN;DGKI"	"dist=16053;dist=21251"	NA	NA
ENSG00000157680	7_137359963_G_C	0.247068	chr7_137383191	0.000233135	0.0033729273946756	"intergenic"	"PTN;DGKI"	"dist=16230;dist=21074"	NA	NA
ENSG00000157680	7_137360440_C_T	0.247068	chr7_137383191	0.000233135	0.0033729273946756	"intergenic"	"PTN;DGKI"	"dist=16707;dist=20597"	NA	NA
ENSG00000157680	7_137360636_C_G	0.247068	chr7_137383191	0.000233135	0.0033729273946756	"intergenic"	"PTN;DGKI"	"dist=16903;dist=20401"	NA	NA
ENSG00000157680	7_137360639_G_A	0.247068	chr7_137383191	0.000233135	0.0033729273946756	"intergenic"	"PTN;DGKI"	"dist=16906;dist=20398"	NA	NA
ENSG00000157680	7_137360985_C_A	0.238553	chr7_137383191	0.000376861	0.00509758085678716	"intergenic"	"PTN;DGKI"	"dist=17252;dist=20052"	NA	NA
ENSG00000157680	7_137361031_T_A	0.247068	chr7_137383191	0.000233135	0.0033729273946756	"intergenic"	"PTN;DGKI"	"dist=17298;dist=20006"	NA	NA
ENSG00000157680	7_137361688_G_T	0.247068	chr7_137383191	0.000233135	0.0033729273946756	"intergenic"	"PTN;DGKI"	"dist=17955;dist=19349"	NA	NA
ENSG00000157680	7_137362391_A_C	0.28134	chr7_137383191	6.16163e-05	0.0010494501068609	"intergenic"	"PTN;DGKI"	"dist=18658;dist=18646"	NA	NA
ENSG00000157680	7_137362436_C_G	-0.28134	chr7_137383191	6.16163e-05	0.0010494501068609	"intergenic"	"PTN;DGKI"	"dist=18703;dist=18601"	NA	NA
ENSG00000157680	7_137363413_T_C	0.279395	chr7_137383191	7.32722e-05	0.0012154731685173	"intergenic"	"PTN;DGKI"	"dist=19680;dist=17624"	NA	NA
ENSG00000157680	7_137363467_G_A	0.242642	chr7_137383191	0.000293511	0.0041152815858228	"intergenic"	"PTN;DGKI"	"dist=19734;dist=17570"	NA	NA
ENSG00000157680	7_137364531_A_G	0.279395	chr7_137383191	7.32722e-05	0.0012154731685173	"intergenic"	"PTN;DGKI"	"dist=20798;dist=16506"	NA	NA
ENSG00000157680	7_137364731_G_A	0.279395	chr7_137383191	7.32722e-05	0.0012154731685173	"intergenic"	"PTN;DGKI"	"dist=20998;dist=16306"	NA	NA
ENSG00000157680	7_137364771_C_T	0.279395	chr7_137383191	7.32722e-05	0.0012154731685173	"intergenic"	"PTN;DGKI"	"dist=21038;dist=16266"	NA	NA
ENSG00000157680	7_137366081_C_T	0.279395	chr7_137383191	7.32722e-05	0.0012154731685173	"intergenic"	"PTN;DGKI"	"dist=22348;dist=14956"	NA	NA
ENSG00000157680	7_137366429_C_T	0.279395	chr7_137383191	7.32722e-05	0.0012154731685173	"intergenic"	"PTN;DGKI"	"dist=22696;dist=14608"	NA	NA
ENSG00000157680	7_137366625_T_A	-0.279395	chr7_137383191	7.32722e-05	0.0012154731685173	"intergenic"	"PTN;DGKI"	"dist=22892;dist=14412"	NA	NA
ENSG00000157680	7_137366636_G_T	0.279395	chr7_137383191	7.32722e-05	0.0012154731685173	"intergenic"	"PTN;DGKI"	"dist=22903;dist=14401"	NA	NA
ENSG00000157680	7_137367653_G_A	0.286163	chr7_137383191	5.20903e-05	0.000898254816498932	"intergenic"	"PTN;DGKI"	"dist=23920;dist=13384"	NA	NA
ENSG00000157680	7_137367870_G_C	0.286163	chr7_137383191	5.20903e-05	0.000898254816498932	"intergenic"	"PTN;DGKI"	"dist=24137;dist=13167"	NA	NA
ENSG00000157680	7_137367924_G_A	0.286163	chr7_137383191	5.20903e-05	0.000898254816498932	"intergenic"	"PTN;DGKI"	"dist=24191;dist=13113"	NA	NA
ENSG00000157680	7_137368527_A_C	0.288622	chr7_137383191	4.82349e-05	0.000834602312788659	"intergenic"	"PTN;DGKI"	"dist=24794;dist=12510"	NA	NA
ENSG00000157680	7_137368958_T_C	0.247977	chr7_137383191	0.000218022	0.00317745695122382	"intergenic"	"PTN;DGKI"	"dist=25225;dist=12079"	NA	NA
ENSG00000157680	7_137369188_C_T	0.247329	chr7_137383191	0.000222529	0.00323807913192758	"intergenic"	"PTN;DGKI"	"dist=25455;dist=11849"	NA	NA
ENSG00000157680	7_137374964_C_T	-0.276652	chr7_137383191	6.3504e-05	0.00107694418396436	"intergenic"	"PTN;DGKI"	"dist=31231;dist=6073"	NA	NA
ENSG00000157680	7_137375114_T_C	-0.276652	chr7_137383191	6.3504e-05	0.00107694418396436	"intergenic"	"PTN;DGKI"	"dist=31381;dist=5923"	NA	NA
ENSG00000157680	7_137376726_C_T	0.246905	chr7_137383191	0.000195215	0.00288704812355114	"intergenic"	"PTN;DGKI"	"dist=32993;dist=4311"	NA	NA
ENSG00000157680	7_137377617_C_T	0.24197	chr7_137383191	0.000289339	0.00406656422340597	"intergenic"	"PTN;DGKI"	"dist=33884;dist=3420"	NA	NA
ENSG00000157680	7_137378039_C_A	-0.276652	chr7_137383191	6.3504e-05	0.00107694418396436	"intergenic"	"PTN;DGKI"	"dist=34306;dist=2998"	NA	NA
ENSG00000157680	7_137379316_A_G	-0.276652	chr7_137383191	6.3504e-05	0.00107694418396436	"intergenic"	"PTN;DGKI"	"dist=35583;dist=1721"	NA	NA
ENSG00000157680	7_137381618_G_A	-0.304883	chr7_137383191	1.16126e-05	0.000223240154945983	"UTR3"	"DGKI"	"NM_001321710:c.*9602C>T;NM_001321708:c.*9602C>T"	NA	NA
ENSG00000157680	7_137382870_T_G	-0.302426	chr7_137383191	1.26338e-05	0.000241956797804296	"UTR3"	"DGKI"	"NM_001321710:c.*8350A>C;NM_001321708:c.*8350A>C"	NA	NA
ENSG00000157680	7_137384089_G_A	-0.288708	chr7_137383191	3.82795e-05	0.00067419300667463	"UTR3"	"DGKI"	"NM_001321710:c.*7131C>T;NM_001321708:c.*7131C>T"	NA	NA
ENSG00000157680	7_137384309_A_G	0.264801	chr7_137383191	6.88086e-05	0.00114735045099324	"UTR3"	"DGKI"	"NM_001321710:c.*6911T>C;NM_001321708:c.*6911T>C"	NA	NA
ENSG00000157680	7_137385461_C_T	-0.288554	chr7_137383191	3.58005e-05	0.000635777679213697	"UTR3"	"DGKI"	"NM_001321710:c.*5759G>A;NM_001321708:c.*5759G>A"	NA	NA
ENSG00000157680	7_137385552_G_A	-0.288554	chr7_137383191	3.58005e-05	0.000635777679213697	"UTR3"	"DGKI"	"NM_001321710:c.*5668C>T;NM_001321708:c.*5668C>T"	NA	NA
ENSG00000157680	7_137386398_T_C	-0.288554	chr7_137383191	3.58005e-05	0.000635777679213697	"UTR3"	"DGKI"	"NM_001321710:c.*4822A>G;NM_001321708:c.*4822A>G"	NA	NA
ENSG00000157680	7_137386518_G_A	-0.288554	chr7_137383191	3.58005e-05	0.000635777679213697	"UTR3"	"DGKI"	"NM_001321710:c.*4702C>T;NM_001321708:c.*4702C>T"	NA	NA
ENSG00000157680	7_137386581_T_G	-0.288554	chr7_137383191	3.58005e-05	0.000635777679213697	"UTR3"	"DGKI"	"NM_001321710:c.*4639A>C;NM_001321708:c.*4639A>C"	NA	NA
ENSG00000157680	7_137386593_C_T	-0.288554	chr7_137383191	3.58005e-05	0.000635777679213697	"UTR3"	"DGKI"	"NM_001321710:c.*4627G>A;NM_001321708:c.*4627G>A"	NA	NA
ENSG00000157680	7_137386644_C_T	-0.288554	chr7_137383191	3.58005e-05	0.000635777679213697	"UTR3"	"DGKI"	"NM_001321710:c.*4576G>A;NM_001321708:c.*4576G>A"	NA	NA
ENSG00000157680	7_137387350_T_C	-0.288554	chr7_137383191	3.58005e-05	0.000635777679213697	"UTR3"	"DGKI"	"NM_001321710:c.*3870A>G;NM_001321708:c.*3870A>G"	NA	NA
ENSG00000157680	7_137387405_A_G	-0.288588	chr7_137383191	3.80343e-05	0.000670043260228409	"UTR3"	"DGKI"	"NM_001321710:c.*3815T>C;NM_001321708:c.*3815T>C"	NA	NA
ENSG00000157680	7_137387618_G_A	-0.288588	chr7_137383191	3.80343e-05	0.000670043260228409	"UTR3"	"DGKI"	"NM_001321710:c.*3602C>T;NM_001321708:c.*3602C>T"	NA	NA
ENSG00000157680	7_137387785_T_A	-0.288588	chr7_137383191	3.80343e-05	0.000670043260228409	"UTR3"	"DGKI"	"NM_001321710:c.*3435A>T;NM_001321708:c.*3435A>T;NM_004717:c.*3435A>T;NM_001321709:c.*3435A>T"	NA	NA
ENSG00000157680	7_137388185_A_C	-0.288554	chr7_137383191	3.58005e-05	0.000635777679213697	"UTR3"	"DGKI"	"NM_001321710:c.*3035T>G;NM_001321708:c.*3035T>G;NM_004717:c.*3035T>G;NM_001321709:c.*3035T>G"	NA	NA
ENSG00000157680	7_137388513_C_T	-0.288554	chr7_137383191	3.58005e-05	0.000635777679213697	"UTR3"	"DGKI"	"NM_001321710:c.*2707G>A;NM_001321708:c.*2707G>A;NM_004717:c.*2707G>A;NM_001321709:c.*2707G>A"	NA	NA
ENSG00000157680	7_137389794_G_A	-0.286126	chr7_137383191	3.87217e-05	0.000680475233897839	"UTR3"	"DGKI"	"NM_001321710:c.*1426C>T;NM_001321708:c.*1426C>T;NM_004717:c.*1426C>T;NM_001321709:c.*1426C>T"	NA	NA
ENSG00000157680	7_137390014_A_G	-0.297814	chr7_137383191	1.72062e-05	0.000322134391687798	"UTR3"	"DGKI"	"NM_001321710:c.*1206T>C;NM_001321708:c.*1206T>C;NM_004717:c.*1206T>C;NM_001321709:c.*1206T>C"	NA	NA
ENSG00000157680	7_137390015_T_C	-0.297814	chr7_137383191	1.72062e-05	0.000322134391687798	"UTR3"	"DGKI"	"NM_001321710:c.*1205A>G;NM_001321708:c.*1205A>G;NM_004717:c.*1205A>G;NM_001321709:c.*1205A>G"	NA	NA
ENSG00000157680	7_137390093_T_C	-0.297814	chr7_137383191	1.72062e-05	0.000322134391687798	"UTR3"	"DGKI"	"NM_001321710:c.*1127A>G;NM_001321708:c.*1127A>G;NM_004717:c.*1127A>G;NM_001321709:c.*1127A>G"	NA	NA
ENSG00000157680	7_137390098_T_C	-0.297814	chr7_137383191	1.72062e-05	0.000322134391687798	"UTR3"	"DGKI"	"NM_001321710:c.*1122A>G;NM_001321708:c.*1122A>G;NM_004717:c.*1122A>G;NM_001321709:c.*1122A>G"	NA	NA
ENSG00000157680	7_137391101_T_A	0.256708	chr7_137383191	0.000103169	0.00162723925558658	"UTR3"	"DGKI"	"NM_001321710:c.*119A>T;NM_001321708:c.*119A>T;NM_004717:c.*119A>T;NM_001321709:c.*119A>T"	NA	NA
ENSG00000157680	7_137391966_A_G	-0.306096	chr7_137383191	1.41573e-05	0.000269161689408596	"intronic"	"DGKI"	NA	NA	NA
ENSG00000157680	7_137392157_G_T	-0.290772	chr7_137383191	4.50191e-05	0.000783956177403066	"intronic"	"DGKI"	NA	NA	NA
ENSG00000157680	7_137392357_A_C	-0.288134	chr7_137383191	4.88871e-05	0.000844998379512935	"intronic"	"DGKI"	NA	NA	NA
ENSG00000157680	7_137393294_T_C	-0.281576	chr7_137383191	5.54824e-05	0.000953338998190434	"intronic"	"DGKI"	NA	NA	NA
ENSG00000157680	7_137393396_T_C	-0.281576	chr7_137383191	5.54824e-05	0.000953338998190434	"intronic"	"DGKI"	NA	NA	NA
ENSG00000157680	7_137393444_G_C	-0.281576	chr7_137383191	5.54824e-05	0.000953338998190434	"intronic"	"DGKI"	NA	NA	NA
ENSG00000157680	7_137394426_T_C	-0.286126	chr7_137383191	3.87217e-05	0.000680475233897839	"intronic"	"DGKI"	NA	NA	NA
ENSG00000157680	7_137394538_G_C	-0.286126	chr7_137383191	3.87217e-05	0.000680475233897839	"intronic"	"DGKI"	NA	NA	NA
ENSG00000157680	7_137395203_A_C	-0.286126	chr7_137383191	3.87217e-05	0.000680475233897839	"intronic"	"DGKI"	NA	NA	NA
ENSG00000157680	7_137395300_C_T	0.286126	chr7_137383191	3.87217e-05	0.000680475233897839	"intronic"	"DGKI"	NA	NA	NA
ENSG00000157680	7_137396779_A_G	0.262463	chr7_137383191	7.26641e-05	0.00120640757060855	"intronic"	"DGKI"	NA	NA	NA
ENSG00000157680	7_137397293_T_C	-0.286126	chr7_137383191	3.87217e-05	0.000680475233897839	"intronic"	"DGKI"	NA	NA	NA
ENSG00000157680	7_137397983_T_C	-0.286126	chr7_137383191	3.87217e-05	0.000680475233897839	"intronic"	"DGKI"	NA	NA	NA
ENSG00000157680	7_137398534_A_G	-0.300108	chr7_137383191	1.33831e-05	0.000255292942996534	"intronic"	"DGKI"	NA	NA	NA
ENSG00000157680	7_137400504_A_G	0.302468	chr7_137383191	1.3163e-05	0.000251540511867156	"intronic"	"DGKI"	NA	NA	NA
ENSG00000157680	7_137405723_T_C	-0.236775	chr7_137383191	0.000741537	0.00892588634218193	"intronic"	"DGKI"	NA	NA	NA
ENSG00000157680	7_137408997_G_C	-0.287983	chr7_137383191	7.00638e-05	0.0011666107417038	"intronic"	"DGKI"	NA	NA	NA
ENSG00000157680	7_137325842_A_C	0.193506	chr7_137383192	0.00523217	0.04315440383904	"intronic"	"PTN"	NA	NA	NA
ENSG00000157680	7_137326656_C_T	0.192105	chr7_137383192	0.00618422	0.0494326977664681	"intronic"	"PTN"	NA	NA	NA
ENSG00000157680	7_137327035_G_A	0.200993	chr7_137383192	0.00402528	0.0351241974225292	"intronic"	"PTN"	NA	NA	NA
ENSG00000157680	7_137328719_G_A	0.195388	chr7_137383192	0.00509264	0.0422495601590978	"intronic"	"PTN"	NA	NA	NA
ENSG00000157680	7_137330856_A_T	0.193574	chr7_137383192	0.00538976	0.0442523885992369	"intronic"	"PTN"	NA	NA	NA
ENSG00000157680	7_137331092_T_G	0.193574	chr7_137383192	0.00538976	0.0442523885992369	"intronic"	"PTN"	NA	NA	NA
ENSG00000157680	7_137331551_C_A	0.193574	chr7_137383192	0.00538976	0.0442523885992369	"intronic"	"PTN"	NA	NA	NA
ENSG00000157680	7_137331563_T_A	0.193574	chr7_137383192	0.00538976	0.0442523885992369	"intronic"	"PTN"	NA	NA	NA
ENSG00000157680	7_137331565_A_C	0.193574	chr7_137383192	0.00538976	0.0442523885992369	"intronic"	"PTN"	NA	NA	NA
ENSG00000157680	7_137332045_G_A	0.193574	chr7_137383192	0.00538976	0.0442523885992369	"intronic"	"PTN"	NA	NA	NA
ENSG00000157680	7_137332185_A_C	0.193574	chr7_137383192	0.00538976	0.0442523885992369	"intronic"	"PTN"	NA	NA	NA
ENSG00000157680	7_137332354_T_C	0.193574	chr7_137383192	0.00538976	0.0442523885992369	"intronic"	"PTN"	NA	NA	NA
ENSG00000157680	7_137332456_G_A	0.193574	chr7_137383192	0.00538976	0.0442523885992369	"intronic"	"PTN"	NA	NA	NA
ENSG00000157680	7_137335929_T_C	-0.23624	chr7_137383192	0.000574638	0.00723489470667144	"intronic"	"PTN"	NA	NA	NA
ENSG00000157680	7_137345599_C_T	-0.20763	chr7_137383192	0.00183907	0.0186171778763005	"intergenic"	"PTN;DGKI"	"dist=1866;dist=35438"	NA	NA
ENSG00000157680	7_137347971_T_C	-0.20763	chr7_137383192	0.00183907	0.0186171778763005	"intergenic"	"PTN;DGKI"	"dist=4238;dist=33066"	NA	NA
ENSG00000157680	7_137355720_A_G	0.210443	chr7_137383192	0.00166826	0.0172585746874129	"intergenic"	"PTN;DGKI"	"dist=11987;dist=25317"	NA	NA
ENSG00000157680	7_137356202_A_G	0.205339	chr7_137383192	0.0022779	0.0221988252418957	"intergenic"	"PTN;DGKI"	"dist=12469;dist=24835"	NA	NA
ENSG00000157680	7_137356815_T_C	0.211784	chr7_137383192	0.00164277	0.0170743753629833	"intergenic"	"PTN;DGKI"	"dist=13082;dist=24222"	NA	NA
ENSG00000157680	7_137356923_T_G	0.211784	chr7_137383192	0.00164277	0.0170743753629833	"intergenic"	"PTN;DGKI"	"dist=13190;dist=24114"	NA	NA
ENSG00000157680	7_137356985_A_G	0.211784	chr7_137383192	0.00164277	0.0170743753629833	"intergenic"	"PTN;DGKI"	"dist=13252;dist=24052"	NA	NA
ENSG00000157680	7_137357031_A_C	0.207459	chr7_137383192	0.00207404	0.0205450908415007	"intergenic"	"PTN;DGKI"	"dist=13298;dist=24006"	NA	NA
ENSG00000157680	7_137357339_G_A	0.211784	chr7_137383192	0.00164277	0.0170743753629833	"intergenic"	"PTN;DGKI"	"dist=13606;dist=23698"	NA	NA
ENSG00000157680	7_137357478_A_C	0.347898	chr7_137383192	6.50791e-07	1.62570846606595e-05	"intergenic"	"PTN;DGKI"	"dist=13745;dist=23559"	NA	NA
ENSG00000157680	7_137357876_G_A	0.211784	chr7_137383192	0.00164277	0.0170743753629833	"intergenic"	"PTN;DGKI"	"dist=14143;dist=23161"	NA	NA
ENSG00000157680	7_137358022_A_G	0.211784	chr7_137383192	0.00164277	0.0170743753629833	"intergenic"	"PTN;DGKI"	"dist=14289;dist=23015"	NA	NA
ENSG00000157680	7_137358507_G_C	0.210443	chr7_137383192	0.00166826	0.0172585746874129	"intergenic"	"PTN;DGKI"	"dist=14774;dist=22530"	NA	NA
ENSG00000157680	7_137358566_C_T	0.211784	chr7_137383192	0.00164277	0.0170743753629833	"intergenic"	"PTN;DGKI"	"dist=14833;dist=22471"	NA	NA
ENSG00000157680	7_137358578_A_T	0.211784	chr7_137383192	0.00164277	0.0170743753629833	"intergenic"	"PTN;DGKI"	"dist=14845;dist=22459"	NA	NA
ENSG00000157680	7_137358738_A_C	0.207459	chr7_137383192	0.00207404	0.0205450908415007	"intergenic"	"PTN;DGKI"	"dist=15005;dist=22299"	NA	NA
ENSG00000157680	7_137359122_G_C	0.211784	chr7_137383192	0.00164277	0.0170743753629833	"intergenic"	"PTN;DGKI"	"dist=15389;dist=21915"	NA	NA
ENSG00000157680	7_137359786_C_T	0.211784	chr7_137383192	0.00164277	0.0170743753629833	"intergenic"	"PTN;DGKI"	"dist=16053;dist=21251"	NA	NA
ENSG00000157680	7_137359963_G_C	0.211784	chr7_137383192	0.00164277	0.0170743753629833	"intergenic"	"PTN;DGKI"	"dist=16230;dist=21074"	NA	NA
ENSG00000157680	7_137360440_C_T	0.211784	chr7_137383192	0.00164277	0.0170743753629833	"intergenic"	"PTN;DGKI"	"dist=16707;dist=20597"	NA	NA
ENSG00000157680	7_137360636_C_G	0.211784	chr7_137383192	0.00164277	0.0170743753629833	"intergenic"	"PTN;DGKI"	"dist=16903;dist=20401"	NA	NA
ENSG00000157680	7_137360639_G_A	0.211784	chr7_137383192	0.00164277	0.0170743753629833	"intergenic"	"PTN;DGKI"	"dist=16906;dist=20398"	NA	NA
ENSG00000157680	7_137360985_C_A	0.208314	chr7_137383192	0.0019363	0.0194535585981885	"intergenic"	"PTN;DGKI"	"dist=17252;dist=20052"	NA	NA
ENSG00000157680	7_137361031_T_A	0.211784	chr7_137383192	0.00164277	0.0170743753629833	"intergenic"	"PTN;DGKI"	"dist=17298;dist=20006"	NA	NA
ENSG00000157680	7_137361688_G_T	0.211784	chr7_137383192	0.00164277	0.0170743753629833	"intergenic"	"PTN;DGKI"	"dist=17955;dist=19349"	NA	NA
ENSG00000157680	7_137362391_A_C	0.352272	chr7_137383192	4.59007e-07	1.18516081438015e-05	"intergenic"	"PTN;DGKI"	"dist=18658;dist=18646"	NA	NA
ENSG00000157680	7_137362436_C_G	-0.352272	chr7_137383192	4.59007e-07	1.18516081438015e-05	"intergenic"	"PTN;DGKI"	"dist=18703;dist=18601"	NA	NA
ENSG00000157680	7_137363413_T_C	0.339413	chr7_137383192	1.31354e-06	3.03108968041134e-05	"intergenic"	"PTN;DGKI"	"dist=19680;dist=17624"	NA	NA
ENSG00000157680	7_137363467_G_A	0.197252	chr7_137383192	0.00332161	0.0304713441496571	"intergenic"	"PTN;DGKI"	"dist=19734;dist=17570"	NA	NA
ENSG00000157680	7_137364531_A_G	0.339413	chr7_137383192	1.31354e-06	3.03108968041134e-05	"intergenic"	"PTN;DGKI"	"dist=20798;dist=16506"	NA	NA
ENSG00000157680	7_137364731_G_A	0.339413	chr7_137383192	1.31354e-06	3.03108968041134e-05	"intergenic"	"PTN;DGKI"	"dist=20998;dist=16306"	NA	NA
ENSG00000157680	7_137364771_C_T	0.339413	chr7_137383192	1.31354e-06	3.03108968041134e-05	"intergenic"	"PTN;DGKI"	"dist=21038;dist=16266"	NA	NA
ENSG00000157680	7_137366081_C_T	0.339413	chr7_137383192	1.31354e-06	3.03108968041134e-05	"intergenic"	"PTN;DGKI"	"dist=22348;dist=14956"	NA	NA
ENSG00000157680	7_137366429_C_T	0.339413	chr7_137383192	1.31354e-06	3.03108968041134e-05	"intergenic"	"PTN;DGKI"	"dist=22696;dist=14608"	NA	NA
ENSG00000157680	7_137366625_T_A	-0.339413	chr7_137383192	1.31354e-06	3.03108968041134e-05	"intergenic"	"PTN;DGKI"	"dist=22892;dist=14412"	NA	NA
ENSG00000157680	7_137366636_G_T	0.339413	chr7_137383192	1.31354e-06	3.03108968041134e-05	"intergenic"	"PTN;DGKI"	"dist=22903;dist=14401"	NA	NA
ENSG00000157680	7_137367653_G_A	0.338514	chr7_137383192	1.55529e-06	3.51072340499766e-05	"intergenic"	"PTN;DGKI"	"dist=23920;dist=13384"	NA	NA
ENSG00000157680	7_137367870_G_C	0.338514	chr7_137383192	1.55529e-06	3.51072340499766e-05	"intergenic"	"PTN;DGKI"	"dist=24137;dist=13167"	NA	NA
ENSG00000157680	7_137367924_G_A	0.338514	chr7_137383192	1.55529e-06	3.51072340499766e-05	"intergenic"	"PTN;DGKI"	"dist=24191;dist=13113"	NA	NA
ENSG00000157680	7_137368527_A_C	0.339977	chr7_137383192	1.5511e-06	3.50211351240002e-05	"intergenic"	"PTN;DGKI"	"dist=24794;dist=12510"	NA	NA
ENSG00000157680	7_137368912_A_G	0.214134	chr7_137383192	0.00485678	0.0407484611707462	"intergenic"	"PTN;DGKI"	"dist=25179;dist=12125"	NA	NA
ENSG00000157680	7_137368958_T_C	0.184454	chr7_137383192	0.00613059	0.0490797737382429	"intergenic"	"PTN;DGKI"	"dist=25225;dist=12079"	NA	NA
ENSG00000157680	7_137369188_C_T	0.185237	chr7_137383192	0.00585362	0.0472302224612601	"intergenic"	"PTN;DGKI"	"dist=25455;dist=11849"	NA	NA
ENSG00000157680	7_137374964_C_T	-0.351455	chr7_137383192	3.23498e-07	8.81249894397702e-06	"intergenic"	"PTN;DGKI"	"dist=31231;dist=6073"	NA	NA
ENSG00000157680	7_137375114_T_C	-0.351455	chr7_137383192	3.23498e-07	8.81249894397702e-06	"intergenic"	"PTN;DGKI"	"dist=31381;dist=5923"	NA	NA
ENSG00000157680	7_137376726_C_T	0.224438	chr7_137383192	0.0007207	0.00872313463608958	"intergenic"	"PTN;DGKI"	"dist=32993;dist=4311"	NA	NA
ENSG00000157680	7_137377617_C_T	0.220933	chr7_137383192	0.000948125	0.0109258148466757	"intergenic"	"PTN;DGKI"	"dist=33884;dist=3420"	NA	NA
ENSG00000157680	7_137378039_C_A	-0.351455	chr7_137383192	3.23498e-07	8.81249894397702e-06	"intergenic"	"PTN;DGKI"	"dist=34306;dist=2998"	NA	NA
ENSG00000157680	7_137379316_A_G	-0.351455	chr7_137383192	3.23498e-07	8.81249894397702e-06	"intergenic"	"PTN;DGKI"	"dist=35583;dist=1721"	NA	NA
ENSG00000157680	7_137381618_G_A	-0.385633	chr7_137383192	2.36853e-08	7.92149400951345e-07	"UTR3"	"DGKI"	"NM_001321710:c.*9602C>T;NM_001321708:c.*9602C>T"	NA	NA
ENSG00000157680	7_137382870_T_G	-0.383908	chr7_137383192	2.4087e-08	8.05198948315781e-07	"UTR3"	"DGKI"	"NM_001321710:c.*8350A>C;NM_001321708:c.*8350A>C"	NA	NA
ENSG00000157680	7_137384089_G_A	-0.354931	chr7_137383192	3.63561e-07	9.65829253247e-06	"UTR3"	"DGKI"	"NM_001321710:c.*7131C>T;NM_001321708:c.*7131C>T"	NA	NA
ENSG00000157680	7_137384309_A_G	0.206694	chr7_137383192	0.00196026	0.019642760425636	"UTR3"	"DGKI"	"NM_001321710:c.*6911T>C;NM_001321708:c.*6911T>C"	NA	NA
ENSG00000157680	7_137385461_C_T	-0.358755	chr7_137383192	2.39341e-07	6.6448903027286e-06	"UTR3"	"DGKI"	"NM_001321710:c.*5759G>A;NM_001321708:c.*5759G>A"	NA	NA
ENSG00000157680	7_137385552_G_A	-0.358755	chr7_137383192	2.39341e-07	6.6448903027286e-06	"UTR3"	"DGKI"	"NM_001321710:c.*5668C>T;NM_001321708:c.*5668C>T"	NA	NA
ENSG00000157680	7_137386398_T_C	-0.358755	chr7_137383192	2.39341e-07	6.6448903027286e-06	"UTR3"	"DGKI"	"NM_001321710:c.*4822A>G;NM_001321708:c.*4822A>G"	NA	NA
ENSG00000157680	7_137386518_G_A	-0.358755	chr7_137383192	2.39341e-07	6.6448903027286e-06	"UTR3"	"DGKI"	"NM_001321710:c.*4702C>T;NM_001321708:c.*4702C>T"	NA	NA
ENSG00000157680	7_137386581_T_G	-0.358755	chr7_137383192	2.39341e-07	6.6448903027286e-06	"UTR3"	"DGKI"	"NM_001321710:c.*4639A>C;NM_001321708:c.*4639A>C"	NA	NA
ENSG00000157680	7_137386593_C_T	-0.358755	chr7_137383192	2.39341e-07	6.6448903027286e-06	"UTR3"	"DGKI"	"NM_001321710:c.*4627G>A;NM_001321708:c.*4627G>A"	NA	NA
ENSG00000157680	7_137386644_C_T	-0.358755	chr7_137383192	2.39341e-07	6.6448903027286e-06	"UTR3"	"DGKI"	"NM_001321710:c.*4576G>A;NM_001321708:c.*4576G>A"	NA	NA
ENSG00000157680	7_137387350_T_C	-0.358755	chr7_137383192	2.39341e-07	6.6448903027286e-06	"UTR3"	"DGKI"	"NM_001321710:c.*3870A>G;NM_001321708:c.*3870A>G"	NA	NA
ENSG00000157680	7_137387405_A_G	-0.358445	chr7_137383192	2.70321e-07	7.41517812116164e-06	"UTR3"	"DGKI"	"NM_001321710:c.*3815T>C;NM_001321708:c.*3815T>C"	NA	NA
ENSG00000157680	7_137387618_G_A	-0.358445	chr7_137383192	2.70321e-07	7.41517812116164e-06	"UTR3"	"DGKI"	"NM_001321710:c.*3602C>T;NM_001321708:c.*3602C>T"	NA	NA
ENSG00000157680	7_137387785_T_A	-0.358445	chr7_137383192	2.70321e-07	7.41517812116164e-06	"UTR3"	"DGKI"	"NM_001321710:c.*3435A>T;NM_001321708:c.*3435A>T;NM_004717:c.*3435A>T;NM_001321709:c.*3435A>T"	NA	NA
ENSG00000157680	7_137388185_A_C	-0.358755	chr7_137383192	2.39341e-07	6.6448903027286e-06	"UTR3"	"DGKI"	"NM_001321710:c.*3035T>G;NM_001321708:c.*3035T>G;NM_004717:c.*3035T>G;NM_001321709:c.*3035T>G"	NA	NA
ENSG00000157680	7_137388513_C_T	-0.358755	chr7_137383192	2.39341e-07	6.6448903027286e-06	"UTR3"	"DGKI"	"NM_001321710:c.*2707G>A;NM_001321708:c.*2707G>A;NM_004717:c.*2707G>A;NM_001321709:c.*2707G>A"	NA	NA
ENSG00000157680	7_137389794_G_A	-0.357126	chr7_137383192	2.4208e-07	6.71227034268294e-06	"UTR3"	"DGKI"	"NM_001321710:c.*1426C>T;NM_001321708:c.*1426C>T;NM_004717:c.*1426C>T;NM_001321709:c.*1426C>T"	NA	NA
ENSG00000157680	7_137390014_A_G	-0.389914	chr7_137383192	1.42616e-08	4.92771001613433e-07	"UTR3"	"DGKI"	"NM_001321710:c.*1206T>C;NM_001321708:c.*1206T>C;NM_004717:c.*1206T>C;NM_001321709:c.*1206T>C"	NA	NA
ENSG00000157680	7_137390015_T_C	-0.389914	chr7_137383192	1.42616e-08	4.92771001613433e-07	"UTR3"	"DGKI"	"NM_001321710:c.*1205A>G;NM_001321708:c.*1205A>G;NM_004717:c.*1205A>G;NM_001321709:c.*1205A>G"	NA	NA
ENSG00000157680	7_137390093_T_C	-0.389914	chr7_137383192	1.42616e-08	4.92771001613433e-07	"UTR3"	"DGKI"	"NM_001321710:c.*1127A>G;NM_001321708:c.*1127A>G;NM_004717:c.*1127A>G;NM_001321709:c.*1127A>G"	NA	NA
ENSG00000157680	7_137390098_T_C	-0.389914	chr7_137383192	1.42616e-08	4.92771001613433e-07	"UTR3"	"DGKI"	"NM_001321710:c.*1122A>G;NM_001321708:c.*1122A>G;NM_004717:c.*1122A>G;NM_001321709:c.*1122A>G"	NA	NA
ENSG00000157680	7_137391966_A_G	-0.375227	chr7_137383192	8.76217e-08	2.68395295714829e-06	"intronic"	"DGKI"	NA	NA	NA
ENSG00000157680	7_137392157_G_T	-0.345037	chr7_137383192	1.17261e-06	2.78494096644303e-05	"intronic"	"DGKI"	NA	NA	NA
ENSG00000157680	7_137392357_A_C	-0.34335	chr7_137383192	1.18508e-06	2.81384017082669e-05	"intronic"	"DGKI"	NA	NA	NA
ENSG00000157680	7_137393294_T_C	-0.359401	chr7_137383192	2.27373e-07	6.35997826572929e-06	"intronic"	"DGKI"	NA	NA	NA
ENSG00000157680	7_137393396_T_C	-0.359401	chr7_137383192	2.27373e-07	6.35997826572929e-06	"intronic"	"DGKI"	NA	NA	NA
ENSG00000157680	7_137393444_G_C	-0.359401	chr7_137383192	2.27373e-07	6.35997826572929e-06	"intronic"	"DGKI"	NA	NA	NA
ENSG00000157680	7_137394426_T_C	-0.357126	chr7_137383192	2.4208e-07	6.71227034268294e-06	"intronic"	"DGKI"	NA	NA	NA
ENSG00000157680	7_137394538_G_C	-0.357126	chr7_137383192	2.4208e-07	6.71227034268294e-06	"intronic"	"DGKI"	NA	NA	NA
ENSG00000157680	7_137395203_A_C	-0.357126	chr7_137383192	2.4208e-07	6.71227034268294e-06	"intronic"	"DGKI"	NA	NA	NA
ENSG00000157680	7_137395300_C_T	0.357126	chr7_137383192	2.4208e-07	6.71227034268294e-06	"intronic"	"DGKI"	NA	NA	NA
ENSG00000157680	7_137396779_A_G	0.189671	chr7_137383192	0.00430321	0.0370318830311716	"intronic"	"DGKI"	NA	NA	NA
ENSG00000157680	7_137397293_T_C	-0.357126	chr7_137383192	2.4208e-07	6.71227034268294e-06	"intronic"	"DGKI"	NA	NA	NA
ENSG00000157680	7_137397983_T_C	-0.357126	chr7_137383192	2.4208e-07	6.71227034268294e-06	"intronic"	"DGKI"	NA	NA	NA
ENSG00000157680	7_137398534_A_G	-0.380936	chr7_137383192	2.65227e-08	8.8072535082843e-07	"intronic"	"DGKI"	NA	NA	NA
ENSG00000157680	7_137400504_A_G	0.382245	chr7_137383192	2.984e-08	9.86080179507146e-07	"intronic"	"DGKI"	NA	NA	NA
ENSG00000157680	7_137405723_T_C	-0.307093	chr7_137383192	1.10813e-05	0.000213658068111696	"intronic"	"DGKI"	NA	NA	NA
ENSG00000157680	7_137408997_G_C	-0.329325	chr7_137383192	5.13032e-06	0.000106243071752522	"intronic"	"DGKI"	NA	NA	NA
