10_102467712_G_A	1
10_102476215_G_A	1
10_102527602_T_G	1
10_102510248_T_G	1
10_102514400_C_A	1
10_102570320_C_T	1
10_102520907_G_A	1
10_102467866_C_T	1
10_102575117_G_C	1
10_102509103_C_A	1
10_102454510_C_T	1
10_102560719_G_A	1
10_102511024_G_A	1
10_102465559_C_G	1
10_102463206_T_C	1
10_102561964_T_C	1
10_102563346_G_A	1
10_102467904_T_C	1
10_102471297_A_G	1
10_102542169_G_A	1
10_102477250_A_G	1
10_102574832_G_A	1
10_102540881_C_G	1
10_102457835_T_C	1
10_102553638_C_T	1
10_102524117_C_A	1
10_102518936_G_A	1
10_102471905_G_C	1
10_102470028_C_T	1
10_102460819_C_T	1
10_102501602_C_T	1
10_102468260_C_A	1
10_102567407_A_G	1
10_102479343_T_C	1
10_102525329_C_T	1
10_102480681_A_G	1
10_102569928_A_G	1
10_102468392_G_A	1
10_102548689_C_T	1
10_102468542_C_A	1
10_102461772_T_C	1
10_102558028_T_G	1
10_102497469_C_T	1
10_102500631_C_T	1
10_102478801_G_C	1
10_102476221_C_T	1
10_102476888_G_A	1
10_102514106_C_T	1
10_102558054_C_A	1
10_102563271_G_T	1
10_102454291_A_T	1
10_102464074_G_A	1
10_102486934_G_A	1
10_102543991_C_T	1
10_102471894_A_G	1
10_102457658_C_T	1
10_102504350_C_T	1
10_102470307_T_C	1
10_102545362_C_T	1
10_102467226_A_G	1
10_102557435_T_C	1
10_102473052_T_G	1
10_102467676_G_A	1
10_102560272_G_T	1
10_102509460_G_A	1
10_102472959_G_A	1
10_102470680_C_G	1
10_102512579_T_C	1
10_102573943_C_T	1
10_102525837_A_T	1
10_102524260_C_G	1
10_102463871_T_C	1
10_102486546_G_A	1
10_102561141_C_G	1
10_102559209_A_G	1
10_102538034_T_C	1
10_102506473_G_C	1
10_102470399_A_G	1
10_102467073_C_T	1
10_102533370_G_A	1
10_102476930_A_G	1
10_102548436_T_C	1
10_102490082_A_T	1
10_102558565_G_T	1
10_102574888_G_A	1
10_102567827_A_G	1
10_102486464_C_T	1
10_102569102_G_T	1
10_102557600_G_T	1
10_102469831_G_A	1
10_102474333_C_G	1
10_102462620_G_C	1
10_102523104_G_A	1
