ENSG00000109332	chr4_102811087	4_102767282_C_T	0.669774	6.3731064299761e-11	chr4_102811087
ENSG00000109332	chr4_102811087	4_102769831_A_G	0.669774	6.3731064299761e-11	chr4_102811087
ENSG00000109332	chr4_102811087	4_102774488_C_T	0.669774	6.3731064299761e-11	chr4_102811087
ENSG00000109332	chr4_102811087	4_102794198_G_C	0.669774	6.3731064299761e-11	chr4_102811087
ENSG00000109332	chr4_102811087	4_102803108_C_T	0.669774	6.3731064299761e-11	chr4_102811087
ENSG00000109332	chr4_102811087	4_102811130_T_G	0.669774	6.3731064299761e-11	chr4_102811087
ENSG00000109332	chr4_102811087	4_102815831_A_C	0.669774	6.3731064299761e-11	chr4_102811087
ENSG00000109332	chr4_102811087	4_102820783_A_C	0.669774	6.3731064299761e-11	chr4_102811087
ENSG00000109332	chr4_102811087	4_102825596_C_T	0.66396	5.69045315777624e-11	chr4_102811087
ENSG00000109332	chr4_102810541	4_102732819_T_C	-0.626064	3.95429940171634e-21	chr4_102810541
ENSG00000109332	chr4_102810541	4_102811411_G_T	-0.619559	7.97357434625487e-21	chr4_102810541
ENSG00000109332	chr4_102810541	4_102799902_T_C	-0.615924	1.11263677034224e-20	chr4_102810541
ENSG00000109332	chr4_102810541	4_102805616_A_C	-0.615924	1.11263677034224e-20	chr4_102810541
ENSG00000109332	chr4_102810541	4_102805861_A_T	-0.615924	1.11263677034224e-20	chr4_102810541
ENSG00000109332	chr4_102810541	4_102806853_C_A	-0.615924	1.11263677034224e-20	chr4_102810541
ENSG00000109332	chr4_102810541	4_102808586_T_A	-0.615924	1.11263677034224e-20	chr4_102810541
ENSG00000109332	chr4_102810541	4_102809336_T_G	-0.615924	1.11263677034224e-20	chr4_102810541
ENSG00000109332	chr4_102810541	4_102810568_G_A	-0.615924	1.11263677034224e-20	chr4_102810541
ENSG00000109332	chr4_102810541	4_102810580_T_C	-0.615924	1.11263677034224e-20	chr4_102810541
ENSG00000109332	chr4_102810541	4_102811016_C_T	-0.615924	1.11263677034224e-20	chr4_102810541
ENSG00000109332	chr4_102810541	4_102812443_T_C	-0.615924	1.11263677034224e-20	chr4_102810541
ENSG00000109332	chr4_102810541	4_102813568_T_C	-0.615924	1.11263677034224e-20	chr4_102810541
ENSG00000109332	chr4_102810541	4_102815023_T_G	-0.615924	1.11263677034224e-20	chr4_102810541
ENSG00000109332	chr4_102810541	4_102815265_A_G	-0.615924	1.11263677034224e-20	chr4_102810541
ENSG00000109332	chr4_102810541	4_102815871_A_C	-0.615924	1.11263677034224e-20	chr4_102810541
ENSG00000109332	chr4_102810541	4_102815894_C_T	-0.615924	1.11263677034224e-20	chr4_102810541
ENSG00000109332	chr4_102810541	4_102816951_T_C	-0.615924	1.11263677034224e-20	chr4_102810541
ENSG00000109332	chr4_102810541	4_102817075_G_C	-0.615924	1.11263677034224e-20	chr4_102810541
ENSG00000109332	chr4_102810541	4_102817086_G_A	-0.615924	1.11263677034224e-20	chr4_102810541
ENSG00000109332	chr4_102810541	4_102817198_C_T	-0.615924	1.11263677034224e-20	chr4_102810541
ENSG00000109332	chr4_102810541	4_102820439_T_A	-0.615924	1.11263677034224e-20	chr4_102810541
ENSG00000109332	chr4_102810541	4_102820800_A_G	-0.615924	1.11263677034224e-20	chr4_102810541
ENSG00000109332	chr4_102810541	4_102821256_T_C	-0.615924	1.11263677034224e-20	chr4_102810541
ENSG00000109332	chr4_102810541	4_102821494_T_C	-0.615924	1.11263677034224e-20	chr4_102810541
ENSG00000109332	chr4_102810541	4_102822914_T_C	-0.615924	1.11263677034224e-20	chr4_102810541
ENSG00000109332	chr4_102810541	4_102823801_A_C	-0.615924	1.11263677034224e-20	chr4_102810541
ENSG00000109332	chr4_102810541	4_102824599_A_G	-0.615924	1.11263677034224e-20	chr4_102810541
ENSG00000109332	chr4_102810541	4_102827640_A_G	-0.615924	1.11263677034224e-20	chr4_102810541
ENSG00000109332	chr4_102810541	4_102828287_G_A	-0.615924	1.11263677034224e-20	chr4_102810541
ENSG00000109332	chr4_102810541	4_102828359_C_G	-0.615924	1.11263677034224e-20	chr4_102810541
ENSG00000109332	chr4_102810541	4_102829111_C_T	-0.615924	1.11263677034224e-20	chr4_102810541
ENSG00000109332	chr4_102810541	4_102829159_G_A	-0.615924	1.11263677034224e-20	chr4_102810541
ENSG00000109332	chr4_102810541	4_102829976_T_A	-0.615924	1.11263677034224e-20	chr4_102810541
ENSG00000109332	chr4_102810541	4_102830094_A_G	-0.615924	1.11263677034224e-20	chr4_102810541
ENSG00000109332	chr4_102810541	4_102831145_A_T	-0.615924	1.11263677034224e-20	chr4_102810541
ENSG00000109332	chr4_102810541	4_102832214_A_C	-0.615924	1.11263677034224e-20	chr4_102810541
ENSG00000109332	chr4_102810541	4_102832578_T_G	-0.615924	1.11263677034224e-20	chr4_102810541
ENSG00000109332	chr4_102810541	4_102833343_G_A	-0.615924	1.11263677034224e-20	chr4_102810541
ENSG00000109332	chr4_102810541	4_102833434_G_C	-0.615924	1.11263677034224e-20	chr4_102810541
ENSG00000109332	chr4_102810541	4_102833488_A_G	-0.615924	1.11263677034224e-20	chr4_102810541
ENSG00000109332	chr4_102810541	4_102834919_C_T	-0.615924	1.11263677034224e-20	chr4_102810541
ENSG00000109332	chr4_102810541	4_102836166_T_A	-0.615924	1.11263677034224e-20	chr4_102810541
ENSG00000109332	chr4_102810541	4_102836484_T_C	-0.615924	1.11263677034224e-20	chr4_102810541
ENSG00000109332	chr4_102810541	4_102837934_G_A	-0.615924	1.11263677034224e-20	chr4_102810541
ENSG00000109332	chr4_102810541	4_102838032_T_C	-0.615924	1.11263677034224e-20	chr4_102810541
ENSG00000109332	chr4_102810541	4_102843052_A_G	-0.613881	1.20846846760189e-20	chr4_102810541
ENSG00000109332	chr4_102810541	4_102843836_A_G	-0.613881	1.20846846760189e-20	chr4_102810541
ENSG00000109332	chr4_102810541	4_102844759_G_A	-0.613881	1.20846846760189e-20	chr4_102810541
ENSG00000109332	chr4_102810541	4_102846182_T_G	-0.613881	1.20846846760189e-20	chr4_102810541
ENSG00000109332	chr4_102810541	4_102848077_T_C	-0.613881	1.20846846760189e-20	chr4_102810541
ENSG00000109332	chr4_102810541	4_102848735_T_C	-0.613881	1.20846846760189e-20	chr4_102810541
ENSG00000109332	chr4_102810541	4_102849422_C_T	-0.613881	1.20846846760189e-20	chr4_102810541
ENSG00000109332	chr4_102810541	4_102849637_G_C	-0.613881	1.20846846760189e-20	chr4_102810541
ENSG00000109332	chr4_102810541	4_102851095_A_G	-0.613881	1.20846846760189e-20	chr4_102810541
ENSG00000109332	chr4_102810541	4_102852344_G_A	-0.613881	1.20846846760189e-20	chr4_102810541
ENSG00000109332	chr4_102810541	4_102854547_C_T	-0.613881	1.20846846760189e-20	chr4_102810541
ENSG00000109332	chr4_102810541	4_102855710_G_A	-0.613881	1.20846846760189e-20	chr4_102810541
ENSG00000109332	chr4_102810541	4_102856235_G_A	-0.613881	1.20846846760189e-20	chr4_102810541
ENSG00000109332	chr4_102810541	4_102771986_G_C	-0.613441	2.09546642254668e-20	chr4_102810541
ENSG00000109332	chr4_102810541	4_102772007_G_A	-0.613441	2.09546642254668e-20	chr4_102810541
ENSG00000109332	chr4_102810541	4_102772464_C_T	-0.613441	2.09546642254668e-20	chr4_102810541
ENSG00000109332	chr4_102810541	4_102774327_T_C	-0.613441	2.09546642254668e-20	chr4_102810541
ENSG00000109332	chr4_102810541	4_102779265_G_C	-0.613441	2.09546642254668e-20	chr4_102810541
ENSG00000109332	chr4_102810541	4_102779721_C_T	-0.613441	2.09546642254668e-20	chr4_102810541
ENSG00000109332	chr4_102810541	4_102780039_A_C	-0.613441	2.09546642254668e-20	chr4_102810541
ENSG00000109332	chr4_102810541	4_102780174_A_C	-0.613441	2.09546642254668e-20	chr4_102810541
ENSG00000109332	chr4_102810541	4_102780603_G_A	-0.613441	2.09546642254668e-20	chr4_102810541
ENSG00000109332	chr4_102810541	4_102780620_T_C	-0.613441	2.09546642254668e-20	chr4_102810541
ENSG00000109332	chr4_102810541	4_102780661_C_T	-0.613441	2.09546642254668e-20	chr4_102810541
ENSG00000109332	chr4_102810541	4_102782372_A_C	-0.613441	2.09546642254668e-20	chr4_102810541
ENSG00000109332	chr4_102810541	4_102782903_T_C	-0.613441	2.09546642254668e-20	chr4_102810541
ENSG00000109332	chr4_102810541	4_102788229_C_T	-0.613441	2.09546642254668e-20	chr4_102810541
ENSG00000109332	chr4_102810541	4_102788414_A_T	-0.613441	2.09546642254668e-20	chr4_102810541
ENSG00000109332	chr4_102810541	4_102788506_A_G	-0.613441	2.09546642254668e-20	chr4_102810541
ENSG00000109332	chr4_102810541	4_102789026_T_C	-0.613441	2.09546642254668e-20	chr4_102810541
ENSG00000109332	chr4_102810541	4_102789773_G_A	-0.613441	2.09546642254668e-20	chr4_102810541
ENSG00000109332	chr4_102810541	4_102789895_T_C	-0.613441	2.09546642254668e-20	chr4_102810541
ENSG00000109332	chr4_102810541	4_102790277_C_T	-0.613441	2.09546642254668e-20	chr4_102810541
ENSG00000109332	chr4_102810541	4_102791032_C_A	-0.613441	2.09546642254668e-20	chr4_102810541
ENSG00000109332	chr4_102810541	4_102791052_C_G	-0.613441	2.09546642254668e-20	chr4_102810541
ENSG00000109332	chr4_102810541	4_102791180_A_T	-0.613441	2.09546642254668e-20	chr4_102810541
ENSG00000109332	chr4_102810541	4_102791432_G_A	-0.613441	2.09546642254668e-20	chr4_102810541
ENSG00000109332	chr4_102810541	4_102792189_A_G	-0.613441	2.09546642254668e-20	chr4_102810541
ENSG00000109332	chr4_102810541	4_102792202_C_T	-0.613441	2.09546642254668e-20	chr4_102810541
ENSG00000109332	chr4_102810541	4_102793025_T_G	-0.613441	2.09546642254668e-20	chr4_102810541
ENSG00000109332	chr4_102810541	4_102793629_G_T	-0.613441	2.09546642254668e-20	chr4_102810541
ENSG00000109332	chr4_102810541	4_102793960_A_T	-0.613441	2.09546642254668e-20	chr4_102810541
ENSG00000109332	chr4_102810541	4_102794228_C_T	-0.613441	2.09546642254668e-20	chr4_102810541
ENSG00000109332	chr4_102810541	4_102798377_C_T	-0.613441	2.09546642254668e-20	chr4_102810541
ENSG00000109332	chr4_102810541	4_102798584_C_T	-0.613441	2.09546642254668e-20	chr4_102810541
ENSG00000109332	chr4_102810541	4_102798736_G_A	-0.613441	2.09546642254668e-20	chr4_102810541
ENSG00000109332	chr4_102810541	4_102798749_A_G	-0.613441	2.09546642254668e-20	chr4_102810541
ENSG00000109332	chr4_102810541	4_102799709_G_C	-0.613441	2.09546642254668e-20	chr4_102810541
ENSG00000109332	chr4_102810541	4_102799826_A_T	-0.613441	2.09546642254668e-20	chr4_102810541
ENSG00000109332	chr4_102810541	4_102801081_G_A	-0.613441	2.09546642254668e-20	chr4_102810541
ENSG00000109332	chr4_102810541	4_102801330_G_A	-0.613441	2.09546642254668e-20	chr4_102810541
ENSG00000109332	chr4_102810541	4_102802836_T_C	-0.613441	2.09546642254668e-20	chr4_102810541
ENSG00000109332	chr4_102810541	4_102804177_C_T	-0.613441	2.09546642254668e-20	chr4_102810541
ENSG00000109332	chr4_102810541	4_102804737_G_A	-0.613441	2.09546642254668e-20	chr4_102810541
ENSG00000109332	chr4_102810541	4_102769099_A_G	-0.612608	1.62755247287953e-20	chr4_102810541
ENSG00000109332	chr4_102810541	4_102763796_C_G	-0.612478	2.09546642254668e-20	chr4_102810541
ENSG00000109332	chr4_102810541	4_102764314_G_A	-0.612478	2.09546642254668e-20	chr4_102810541
ENSG00000109332	chr4_102810541	4_102766051_A_G	-0.612478	2.09546642254668e-20	chr4_102810541
ENSG00000109332	chr4_102810541	4_102767912_C_T	-0.612478	2.09546642254668e-20	chr4_102810541
ENSG00000109332	chr4_102810541	4_102768648_T_A	-0.612478	2.09546642254668e-20	chr4_102810541
ENSG00000109332	chr4_102810541	4_102769234_T_C	-0.612478	2.09546642254668e-20	chr4_102810541
ENSG00000109332	chr4_102810541	4_102769309_C_T	-0.612478	2.09546642254668e-20	chr4_102810541
ENSG00000109332	chr4_102810541	4_102771000_G_T	-0.612478	2.09546642254668e-20	chr4_102810541
ENSG00000109332	chr4_102810541	4_102771186_T_C	-0.612478	2.09546642254668e-20	chr4_102810541
ENSG00000109332	chr4_102810541	4_102793337_T_G	-0.611086	3.94415939781358e-20	chr4_102810541
ENSG00000109332	chr4_102810541	4_102768160_T_C	-0.607805	4.33242005222146e-20	chr4_102810541
ENSG00000109332	chr4_102810541	4_102778004_A_G	-0.606501	6.82137138775048e-20	chr4_102810541
ENSG00000109332	chr4_102810541	4_102766860_T_C	-0.60559	6.45178383262239e-20	chr4_102810541
ENSG00000109332	chr4_102810541	4_102766881_T_C	-0.60559	6.45178383262239e-20	chr4_102810541
ENSG00000109332	chr4_102810541	4_102899729_G_A	-0.603373	1.9364638293979e-19	chr4_102810541
ENSG00000109332	chr4_102810541	4_102900734_T_C	-0.600698	1.99590525353193e-19	chr4_102810541
ENSG00000109332	chr4_102810541	4_102901676_G_A	-0.600698	1.99590525353193e-19	chr4_102810541
ENSG00000109332	chr4_102810541	4_102902574_T_G	-0.600698	1.99590525353193e-19	chr4_102810541
ENSG00000109332	chr4_102810541	4_102904091_T_C	-0.600698	1.99590525353193e-19	chr4_102810541
ENSG00000109332	chr4_102810541	4_102904879_A_G	-0.600698	1.99590525353193e-19	chr4_102810541
ENSG00000109332	chr4_102810541	4_102905975_A_G	-0.600698	1.99590525353193e-19	chr4_102810541
ENSG00000109332	chr4_102810541	4_102906331_T_G	-0.600698	1.99590525353193e-19	chr4_102810541
ENSG00000109332	chr4_102810541	4_102856899_G_T	-0.599313	1.15389463116305e-19	chr4_102810541
ENSG00000109332	chr4_102810541	4_102857277_A_G	-0.599313	1.15389463116305e-19	chr4_102810541
ENSG00000109332	chr4_102810541	4_102857850_T_C	-0.599313	1.15389463116305e-19	chr4_102810541
ENSG00000109332	chr4_102810541	4_102858815_A_G	-0.599313	1.15389463116305e-19	chr4_102810541
ENSG00000109332	chr4_102810541	4_102859339_T_C	-0.599313	1.15389463116305e-19	chr4_102810541
ENSG00000109332	chr4_102810541	4_102859366_T_C	-0.599313	1.15389463116305e-19	chr4_102810541
ENSG00000109332	chr4_102810541	4_102859765_C_T	-0.599313	1.15389463116305e-19	chr4_102810541
ENSG00000109332	chr4_102810541	4_102859908_T_C	-0.599313	1.15389463116305e-19	chr4_102810541
ENSG00000109332	chr4_102810541	4_102860002_C_T	-0.599313	1.15389463116305e-19	chr4_102810541
ENSG00000109332	chr4_102810541	4_102864425_G_A	-0.599313	1.15389463116305e-19	chr4_102810541
ENSG00000109332	chr4_102810541	4_102864700_T_C	-0.599313	1.15389463116305e-19	chr4_102810541
ENSG00000109332	chr4_102810541	4_102864959_C_T	-0.599313	1.15389463116305e-19	chr4_102810541
ENSG00000109332	chr4_102810541	4_102865214_C_T	-0.599313	1.15389463116305e-19	chr4_102810541
ENSG00000109332	chr4_102810541	4_102865403_G_A	-0.599313	1.15389463116305e-19	chr4_102810541
ENSG00000109332	chr4_102810541	4_102865431_G_A	-0.599313	1.15389463116305e-19	chr4_102810541
ENSG00000109332	chr4_102810541	4_102867054_A_G	-0.599313	1.15389463116305e-19	chr4_102810541
ENSG00000109332	chr4_102810541	4_102909368_C_T	-0.597883	2.49281659754789e-19	chr4_102810541
ENSG00000109332	chr4_102810541	4_102894132_A_G	-0.597168	1.03822938267909e-19	chr4_102810541
ENSG00000109332	chr4_102810541	4_102897427_C_T	-0.594884	4.29702098248616e-19	chr4_102810541
ENSG00000109332	chr4_102810541	4_102897577_T_C	-0.594884	4.29702098248616e-19	chr4_102810541
ENSG00000109332	chr4_102810541	4_102868653_C_A	-0.5922	2.8818879627174e-19	chr4_102810541
ENSG00000109332	chr4_102810541	4_102872502_T_C	-0.5922	2.8818879627174e-19	chr4_102810541
ENSG00000109332	chr4_102810541	4_102873031_T_A	-0.5922	2.8818879627174e-19	chr4_102810541
ENSG00000109332	chr4_102810541	4_102873379_C_T	-0.5922	2.8818879627174e-19	chr4_102810541
ENSG00000109332	chr4_102810541	4_102873560_G_C	-0.5922	2.8818879627174e-19	chr4_102810541
ENSG00000109332	chr4_102810541	4_102873770_T_A	-0.5922	2.8818879627174e-19	chr4_102810541
ENSG00000109332	chr4_102810541	4_102875751_A_G	-0.5922	2.8818879627174e-19	chr4_102810541
ENSG00000109332	chr4_102810541	4_102876177_G_A	-0.5922	2.8818879627174e-19	chr4_102810541
ENSG00000109332	chr4_102810541	4_102878371_T_C	-0.5922	2.8818879627174e-19	chr4_102810541
ENSG00000109332	chr4_102810541	4_102878412_G_A	-0.5922	2.8818879627174e-19	chr4_102810541
ENSG00000109332	chr4_102810541	4_102880645_A_T	-0.5922	2.8818879627174e-19	chr4_102810541
ENSG00000109332	chr4_102810541	4_102880646_T_C	-0.5922	2.8818879627174e-19	chr4_102810541
ENSG00000109332	chr4_102810541	4_102881157_T_C	-0.5922	2.8818879627174e-19	chr4_102810541
ENSG00000109332	chr4_102810541	4_102881422_A_G	-0.5922	2.8818879627174e-19	chr4_102810541
ENSG00000109332	chr4_102810541	4_102881949_C_T	-0.5922	2.8818879627174e-19	chr4_102810541
ENSG00000109332	chr4_102810541	4_102884286_T_C	-0.5922	2.8818879627174e-19	chr4_102810541
ENSG00000109332	chr4_102810541	4_102884642_A_G	-0.5922	2.8818879627174e-19	chr4_102810541
ENSG00000109332	chr4_102810541	4_102886563_T_C	-0.5922	2.8818879627174e-19	chr4_102810541
ENSG00000109332	chr4_102810541	4_102888488_T_G	-0.5922	2.8818879627174e-19	chr4_102810541
ENSG00000109332	chr4_102810541	4_102890544_A_G	-0.5922	2.8818879627174e-19	chr4_102810541
ENSG00000109332	chr4_102810541	4_102891342_A_G	-0.5922	2.8818879627174e-19	chr4_102810541
ENSG00000109332	chr4_102810541	4_102891964_T_G	-0.5922	2.8818879627174e-19	chr4_102810541
ENSG00000109332	chr4_102810541	4_102892437_T_C	-0.5922	2.8818879627174e-19	chr4_102810541
ENSG00000109332	chr4_102810541	4_102892577_C_T	-0.5922	2.8818879627174e-19	chr4_102810541
ENSG00000109332	chr4_102810541	4_102892724_C_T	-0.5922	2.8818879627174e-19	chr4_102810541
